{
  "type": "FeatureCollection",
  "features": [
    {
      "type": "Feature",
      "properties": {
        "name": "Chiwala Avenue",
        "highway": "secondary"
      },
      "geometry": {
        "type": "LineString",
        "coordinates": [
          [
            28.225,
            -12.80767668358703
          ],
          [
            28.2247332,
            -12.8076027
          ],
          [
            28.224496,
            -12.8075517
          ],
          [
            28.2243522,
            -12.8075305
          ],
          [
            28.2237871,
            -12.8075094
          ],
          [
            28.2231563,
            -12.8074818
          ],
          [
            28.222174,
            -12.8074129
          ],
          [
            28.2214053,
            -12.8074152
          ],
          [
            28.2207985,
            -12.8073827
          ],
          [
            28.2205308,
            -12.807366
          ],
          [
            28.2204599,
            -12.8073614
          ],
          [
            28.2199805,
            -12.8073306
          ],
          [
            28.2189371,
            -12.8072777
          ],
          [
            28.2187719,
            -12.8072543
          ],
          [
            28.2186601,
            -12.8072318
          ],
          [
            28.218555,
            -12.8072016
          ]
        ]
      }
    },
    {
      "type": "Feature",
      "properties": {
        "name": "Unnamed Road",
        "highway": "secondary"
      },
      "geometry": {
        "type": "LineString",
        "coordinates": [
          [
            28.2181449,
            -12.8071385
          ],
          [
            28.2180789,
            -12.8071604
          ],
          [
            28.2180059,
            -12.8071647
          ],
          [
            28.217933,
            -12.8071492
          ],
          [
            28.2178672,
            -12.8071147
          ],
          [
            28.2178137,
            -12.807064
          ],
          [
            28.2177766,
            -12.8070008
          ],
          [
            28.2177587,
            -12.8069302
          ],
          [
            28.2177614,
            -12.8068575
          ],
          [
            28.2177845,
            -12.8067882
          ],
          [
            28.2178263,
            -12.8067278
          ],
          [
            28.2178916,
            -12.8066762
          ],
          [
            28.21797,
            -12.8066468
          ],
          [
            28.218054,
            -12.8066424
          ],
          [
            28.2181352,
            -12.8066635
          ],
          [
            28.2182057,
            -12.806708
          ],
          [
            28.2182499,
            -12.8067578
          ],
          [
            28.2182742,
            -12.8068018
          ],
          [
            28.2182894,
            -12.8068495
          ],
          [
            28.2182951,
            -12.8068992
          ],
          [
            28.2182944,
            -12.8069223
          ],
          [
            28.2182803,
            -12.806989
          ],
          [
            28.2182492,
            -12.8070498
          ],
          [
            28.218203,
            -12.8071008
          ],
          [
            28.2181449,
            -12.8071385
          ]
        ]
      }
    },
    {
      "type": "Feature",
      "properties": {
        "name": "Freedom Avenue",
        "highway": "secondary",
        "oneway": "yes"
      },
      "geometry": {
        "type": "LineString",
        "coordinates": [
          [
            28.2182898,
            -12.8060587
          ],
          [
            28.2182188,
            -12.806233
          ],
          [
            28.2181907,
            -12.8063559
          ],
          [
            28.2181813,
            -12.8064906
          ],
          [
            28.218188,
            -12.8065835
          ],
          [
            28.2182057,
            -12.806708
          ]
        ]
      }
    },
    {
      "type": "Feature",
      "properties": {
        "name": "Unnamed Road",
        "highway": "secondary"
      },
      "geometry": {
        "type": "LineString",
        "coordinates": [
          [
            28.2231745,
            -12.7971558
          ],
          [
            28.2231123,
            -12.7971273
          ],
          [
            28.2230605,
            -12.7970833
          ],
          [
            28.2230232,
            -12.797027
          ],
          [
            28.2230103,
            -12.7969941
          ],
          [
            28.2230002,
            -12.7969186
          ],
          [
            28.2230147,
            -12.7968438
          ],
          [
            28.2230523,
            -12.7967771
          ],
          [
            28.2231094,
            -12.7967252
          ],
          [
            28.2231803,
            -12.7966932
          ],
          [
            28.2232482,
            -12.7966841
          ],
          [
            28.223316,
            -12.7966936
          ],
          [
            28.2233786,
            -12.7967208
          ],
          [
            28.2234311,
            -12.7967638
          ],
          [
            28.2234695,
            -12.7968191
          ],
          [
            28.2234902,
            -12.7968792
          ],
          [
            28.2234942,
            -12.7969425
          ],
          [
            28.2234778,
            -12.7970131
          ],
          [
            28.2234407,
            -12.7970759
          ],
          [
            28.2233861,
            -12.7971251
          ],
          [
            28.223319,
            -12.7971562
          ],
          [
            28.2232863,
            -12.7971606
          ],
          [
            28.2232424,
            -12.7971665
          ],
          [
            28.2231745,
            -12.7971558
          ]
        ]
      }
    },
    {
      "type": "Feature",
      "properties": {
        "name": "Freedom Avenue",
        "highway": "secondary",
        "oneway": "yes"
      },
      "geometry": {
        "type": "LineString",
        "coordinates": [
          [
            28.2231803,
            -12.7966932
          ],
          [
            28.2232647,
            -12.7966516
          ],
          [
            28.2233673,
            -12.7965895
          ],
          [
            28.2234505,
            -12.7965019
          ],
          [
            28.2235056,
            -12.7964247
          ]
        ]
      }
    },
    {
      "type": "Feature",
      "properties": {
        "name": "Kwacha Road",
        "highway": "secondary",
        "surface": "asphalt"
      },
      "geometry": {
        "type": "LineString",
        "coordinates": [
          [
            28.205929,
            -12.7967203
          ],
          [
            28.2064687,
            -12.7963927
          ],
          [
            28.2067457,
            -12.7962344
          ],
          [
            28.2068268,
            -12.7961926
          ],
          [
            28.2093347,
            -12.7950385
          ],
          [
            28.20940600633803,
            -12.795
          ]
        ]
      }
    },
    {
      "type": "Feature",
      "properties": {
        "name": "Kumboka Drive",
        "highway": "secondary",
        "oneway": "yes"
      },
      "geometry": {
        "type": "LineString",
        "coordinates": [
          [
            28.2234942,
            -12.7969425
          ],
          [
            28.2235309,
            -12.797044
          ],
          [
            28.2235665,
            -12.7970963
          ],
          [
            28.2236496,
            -12.7971564
          ],
          [
            28.2237463,
            -12.7972073
          ]
        ]
      }
    },
    {
      "type": "Feature",
      "properties": {
        "name": "Chibuluma Road",
        "highway": "secondary"
      },
      "geometry": {
        "type": "LineString",
        "coordinates": [
          [
            28.2,
            -12.802820565282978
          ],
          [
            28.2004103,
            -12.802638
          ],
          [
            28.2013094,
            -12.8022295
          ],
          [
            28.2033426,
            -12.8012999
          ],
          [
            28.2060448,
            -12.8000796
          ],
          [
            28.2068274,
            -12.7997262
          ]
        ]
      }
    },
    {
      "type": "Feature",
      "properties": {
        "name": "Freedom Avenue",
        "highway": "secondary",
        "lanes": 2.0,
        "surface": "asphalt"
      },
      "geometry": {
        "type": "LineString",
        "coordinates": [
          [
            28.2097056,
            -12.8093837
          ],
          [
            28.2098223,
            -12.8093708
          ],
          [
            28.2100805,
            -12.8093683
          ],
          [
            28.2102317,
            -12.8093668
          ],
          [
            28.2104244,
            -12.8093713
          ],
          [
            28.2105429,
            -12.8093741
          ],
          [
            28.2106623,
            -12.8093769
          ],
          [
            28.2119563,
            -12.8094254
          ],
          [
            28.2134257,
            -12.8094764
          ],
          [
            28.213568,
            -12.8094813
          ],
          [
            28.2136798,
            -12.8094794
          ],
          [
            28.2139797,
            -12.8094384
          ],
          [
            28.2141682,
            -12.8094195
          ],
          [
            28.2143846,
            -12.8093592
          ],
          [
            28.2145657,
            -12.8093003
          ],
          [
            28.2148978,
            -12.8091981
          ],
          [
            28.2150709,
            -12.8091394
          ],
          [
            28.2152388,
            -12.8090683
          ],
          [
            28.2156659,
            -12.8088397
          ],
          [
            28.2159421,
            -12.8086665
          ],
          [
            28.2161782,
            -12.8085245
          ],
          [
            28.2163967,
            -12.8083461
          ],
          [
            28.2165974,
            -12.8081453
          ],
          [
            28.2169721,
            -12.8077331
          ],
          [
            28.2173227,
            -12.8073403
          ]
        ]
      }
    },
    {
      "type": "Feature",
      "properties": {
        "name": "Lumumba Road",
        "highway": "tertiary"
      },
      "geometry": {
        "type": "LineString",
        "coordinates": [
          [
            28.2161782,
            -12.8085245
          ],
          [
            28.2162993,
            -12.8087254
          ],
          [
            28.2163631,
            -12.8088403
          ],
          [
            28.2164213,
            -12.8089726
          ],
          [
            28.2164952,
            -12.8092042
          ],
          [
            28.2165721,
            -12.8094649
          ],
          [
            28.2166586,
            -12.809741
          ],
          [
            28.2166684,
            -12.8098025
          ],
          [
            28.2166666,
            -12.8100588
          ],
          [
            28.216629,
            -12.8110553
          ],
          [
            28.2166062,
            -12.8117425
          ],
          [
            28.2165807,
            -12.8124813
          ],
          [
            28.2165209,
            -12.8139266
          ],
          [
            28.2164919,
            -12.8148684
          ],
          [
            28.216487866679763,
            -12.815
          ]
        ]
      }
    },
    {
      "type": "Feature",
      "properties": {
        "name": "Chibote Avenue",
        "highway": "residential"
      },
      "geometry": {
        "type": "LineString",
        "coordinates": [
          [
            28.2099992,
            -12.8108005
          ],
          [
            28.2135264,
            -12.8109301
          ],
          [
            28.2136115,
            -12.8109334
          ],
          [
            28.2145591,
            -12.8109707
          ],
          [
            28.216629,
            -12.8110553
          ]
        ]
      }
    },
    {
      "type": "Feature",
      "properties": {
        "name": "Pamo Avenue",
        "highway": "residential"
      },
      "geometry": {
        "type": "LineString",
        "coordinates": [
          [
            28.2100536,
            -12.8122311
          ],
          [
            28.2134709,
            -12.812379
          ],
          [
            28.2135544,
            -12.8123817
          ],
          [
            28.2165807,
            -12.8124813
          ]
        ]
      }
    },
    {
      "type": "Feature",
      "properties": {
        "name": "Mpezeni Avenue",
        "highway": "residential"
      },
      "geometry": {
        "type": "LineString",
        "coordinates": [
          [
            28.2098896,
            -12.8136789
          ],
          [
            28.2100193,
            -12.81368
          ],
          [
            28.2118825,
            -12.8137294
          ],
          [
            28.2134154,
            -12.8138304
          ],
          [
            28.2134971,
            -12.8138329
          ],
          [
            28.2165209,
            -12.8139266
          ]
        ]
      }
    },
    {
      "type": "Feature",
      "properties": {
        "name": "Accra Road",
        "highway": "unclassified"
      },
      "geometry": {
        "type": "LineString",
        "coordinates": [
          [
            28.2030391,
            -12.8102898
          ],
          [
            28.2030285,
            -12.8103888
          ],
          [
            28.2030303,
            -12.8105052
          ],
          [
            28.2030546,
            -12.8106471
          ],
          [
            28.2030891,
            -12.8107353
          ],
          [
            28.2032023,
            -12.810994
          ],
          [
            28.2035255,
            -12.8115569
          ],
          [
            28.203835,
            -12.8121461
          ],
          [
            28.2040292,
            -12.8125329
          ],
          [
            28.2041465,
            -12.8127607
          ],
          [
            28.2044939,
            -12.8134841
          ],
          [
            28.2046056,
            -12.8136977
          ],
          [
            28.2049307,
            -12.8143732
          ],
          [
            28.2050477,
            -12.8145731
          ],
          [
            28.205278181359397,
            -12.815
          ]
        ]
      }
    },
    {
      "type": "Feature",
      "properties": {
        "name": "Freetown Road",
        "highway": "unclassified"
      },
      "geometry": {
        "type": "LineString",
        "coordinates": [
          [
            28.2035255,
            -12.8115569
          ],
          [
            28.2039566,
            -12.8113253
          ],
          [
            28.2042511,
            -12.8111358
          ],
          [
            28.2045335,
            -12.8109235
          ],
          [
            28.2049043,
            -12.810616
          ],
          [
            28.2054071,
            -12.8101772
          ],
          [
            28.2057964,
            -12.8098774
          ],
          [
            28.2060431,
            -12.8097024
          ],
          [
            28.2061777,
            -12.8096497
          ],
          [
            28.2064324,
            -12.809584
          ],
          [
            28.2069642,
            -12.8094708
          ],
          [
            28.2080662,
            -12.8092266
          ],
          [
            28.2096021,
            -12.8088821
          ]
        ]
      }
    },
    {
      "type": "Feature",
      "properties": {
        "name": "Nationalist Way",
        "highway": "tertiary"
      },
      "geometry": {
        "type": "LineString",
        "coordinates": [
          [
            28.2134377,
            -12.7984043
          ],
          [
            28.213988,
            -12.7996236
          ],
          [
            28.2142766,
            -12.8002121
          ],
          [
            28.2145537,
            -12.8008322
          ],
          [
            28.2146844,
            -12.8011077
          ],
          [
            28.2149605,
            -12.8016853
          ],
          [
            28.215145,
            -12.8020344
          ],
          [
            28.2153115,
            -12.8022779
          ],
          [
            28.2155959,
            -12.8025647
          ],
          [
            28.2157832,
            -12.8027256
          ],
          [
            28.2168239,
            -12.8035438
          ],
          [
            28.2178956,
            -12.8043786
          ],
          [
            28.2182692,
            -12.8046805
          ],
          [
            28.2185297,
            -12.8048891
          ],
          [
            28.2186106,
            -12.8049542
          ]
        ]
      }
    },
    {
      "type": "Feature",
      "properties": {
        "name": "Luangwa Way",
        "highway": "residential"
      },
      "geometry": {
        "type": "LineString",
        "coordinates": [
          [
            28.2208506,
            -12.8028697
          ],
          [
            28.2209174,
            -12.8028989
          ],
          [
            28.2215139,
            -12.8032173
          ],
          [
            28.2227962,
            -12.8036484
          ],
          [
            28.2234934,
            -12.8038817
          ],
          [
            28.2240286,
            -12.8040937
          ],
          [
            28.2243152,
            -12.8045668
          ],
          [
            28.2248874,
            -12.8054024
          ],
          [
            28.225,
            -12.805578607976797
          ]
        ]
      }
    },
    {
      "type": "Feature",
      "properties": {
        "name": "Dr Aggrey Avenue",
        "highway": "tertiary"
      },
      "geometry": {
        "type": "LineString",
        "coordinates": [
          [
            28.2,
            -12.799418998778624
          ],
          [
            28.2000754,
            -12.799566
          ],
          [
            28.2003026,
            -12.800089
          ],
          [
            28.200312,
            -12.8001106
          ],
          [
            28.2003303,
            -12.800148
          ],
          [
            28.200652,
            -12.8008325
          ],
          [
            28.2006773,
            -12.8008832
          ],
          [
            28.2013094,
            -12.8022295
          ]
        ]
      }
    },
    {
      "type": "Feature",
      "properties": {
        "name": "Zomba Road",
        "highway": "unclassified"
      },
      "geometry": {
        "type": "LineString",
        "coordinates": [
          [
            28.2000133,
            -12.8120318
          ],
          [
            28.2006307,
            -12.8117585
          ],
          [
            28.2011739,
            -12.8114807
          ],
          [
            28.2013489,
            -12.8113945
          ],
          [
            28.2016537,
            -12.8112308
          ],
          [
            28.2019249,
            -12.811125
          ],
          [
            28.2021006,
            -12.811096
          ],
          [
            28.202324,
            -12.8111099
          ],
          [
            28.2026469,
            -12.8111741
          ],
          [
            28.2027877,
            -12.8111577
          ],
          [
            28.2029608,
            -12.811096
          ],
          [
            28.2032023,
            -12.810994
          ]
        ]
      }
    },
    {
      "type": "Feature",
      "properties": {
        "name": "Tabora Road",
        "highway": "unclassified",
        "surface": "asphalt"
      },
      "geometry": {
        "type": "LineString",
        "coordinates": [
          [
            28.2049043,
            -12.810616
          ],
          [
            28.2050442,
            -12.8107833
          ],
          [
            28.2053094,
            -12.8111062
          ],
          [
            28.2053451,
            -12.8111674
          ],
          [
            28.2053662,
            -12.8112446
          ],
          [
            28.2053635,
            -12.8113501
          ],
          [
            28.2053385,
            -12.8114717
          ],
          [
            28.2051847,
            -12.8119542
          ],
          [
            28.2050897,
            -12.8122283
          ],
          [
            28.205035,
            -12.81231
          ],
          [
            28.2049657,
            -12.8123589
          ],
          [
            28.20462,
            -12.8125332
          ],
          [
            28.2041465,
            -12.8127607
          ]
        ]
      }
    },
    {
      "type": "Feature",
      "properties": {
        "name": "Diamond Drive",
        "highway": "residential"
      },
      "geometry": {
        "type": "LineString",
        "coordinates": [
          [
            28.2080662,
            -12.8092266
          ],
          [
            28.2080093,
            -12.8094078
          ],
          [
            28.2079849,
            -12.8094631
          ],
          [
            28.2079248,
            -12.8095609
          ],
          [
            28.207748,
            -12.8097436
          ],
          [
            28.2075633,
            -12.8099508
          ],
          [
            28.2074762,
            -12.8100936
          ],
          [
            28.2074036,
            -12.8102724
          ],
          [
            28.207331,
            -12.8105156
          ],
          [
            28.2072835,
            -12.8106881
          ],
          [
            28.2072492,
            -12.811029
          ],
          [
            28.2072136,
            -12.811841
          ],
          [
            28.2072149,
            -12.812236
          ],
          [
            28.20722,
            -12.8122809
          ],
          [
            28.2072519,
            -12.8125641
          ],
          [
            28.2073376,
            -12.8128742
          ],
          [
            28.2074907,
            -12.8133542
          ],
          [
            28.2075963,
            -12.8136771
          ],
          [
            28.2076253,
            -12.8138058
          ],
          [
            28.2076359,
            -12.8139177
          ],
          [
            28.2076345,
            -12.8143694
          ],
          [
            28.2076173616793,
            -12.815
          ]
        ]
      }
    },
    {
      "type": "Feature",
      "properties": {
        "name": "Eshowe Road",
        "highway": "unclassified"
      },
      "geometry": {
        "type": "LineString",
        "coordinates": [
          [
            28.2011739,
            -12.8114807
          ],
          [
            28.2012834,
            -12.8117033
          ],
          [
            28.2015896,
            -12.8123068
          ],
          [
            28.2016126,
            -12.8123688
          ],
          [
            28.2016113,
            -12.8124216
          ],
          [
            28.2016021,
            -12.8124792
          ],
          [
            28.2015915,
            -12.812529
          ],
          [
            28.2015938,
            -12.8125654
          ],
          [
            28.2016047,
            -12.8126114
          ],
          [
            28.2017772,
            -12.8129629
          ],
          [
            28.2019859,
            -12.8134344
          ],
          [
            28.2021851,
            -12.8137728
          ]
        ]
      }
    },
    {
      "type": "Feature",
      "properties": {
        "name": "Blantyre Road",
        "highway": "unclassified"
      },
      "geometry": {
        "type": "LineString",
        "coordinates": [
          [
            28.2026469,
            -12.8111741
          ],
          [
            28.2026237,
            -12.8113467
          ],
          [
            28.2026011,
            -12.8114972
          ],
          [
            28.2025875,
            -12.8116414
          ],
          [
            28.2026062,
            -12.8117503
          ],
          [
            28.2026476,
            -12.8118423
          ],
          [
            28.2029355,
            -12.8123973
          ],
          [
            28.2033522,
            -12.8131956
          ],
          [
            28.2035937,
            -12.8136905
          ],
          [
            28.2041131,
            -12.8147488
          ],
          [
            28.204239220643345,
            -12.815
          ]
        ]
      }
    },
    {
      "type": "Feature",
      "properties": {
        "name": "Unnamed Road",
        "highway": "unclassified"
      },
      "geometry": {
        "type": "LineString",
        "coordinates": [
          [
            28.2029355,
            -12.8123973
          ],
          [
            28.2017772,
            -12.8129629
          ]
        ]
      }
    },
    {
      "type": "Feature",
      "properties": {
        "name": "Brighton Road",
        "highway": "unclassified"
      },
      "geometry": {
        "type": "LineString",
        "coordinates": [
          [
            28.2019859,
            -12.8134344
          ],
          [
            28.2009912,
            -12.8139479
          ]
        ]
      }
    },
    {
      "type": "Feature",
      "properties": {
        "name": "Luangwa Avenue",
        "highway": "unclassified",
        "surface": "dirt"
      },
      "geometry": {
        "type": "LineString",
        "coordinates": [
          [
            28.2049307,
            -12.8143732
          ],
          [
            28.2045441,
            -12.8145508
          ],
          [
            28.2041131,
            -12.8147488
          ],
          [
            28.203588822651508,
            -12.815
          ]
        ]
      }
    },
    {
      "type": "Feature",
      "properties": {
        "name": "Nyerere Road",
        "highway": "secondary"
      },
      "geometry": {
        "type": "LineString",
        "coordinates": [
          [
            28.2,
            -12.812006440789922
          ],
          [
            28.2000133,
            -12.8120318
          ],
          [
            28.2005114,
            -12.8130131
          ],
          [
            28.2009912,
            -12.8139479
          ],
          [
            28.2012131,
            -12.8143803
          ],
          [
            28.20151185033394,
            -12.815
          ]
        ]
      }
    },
    {
      "type": "Feature",
      "properties": {
        "name": "Lilongwe Road",
        "highway": "unclassified"
      },
      "geometry": {
        "type": "LineString",
        "coordinates": [
          [
            28.2,
            -12.804260289295517
          ],
          [
            28.200193,
            -12.8041524
          ],
          [
            28.201871,
            -12.8033862
          ]
        ]
      }
    },
    {
      "type": "Feature",
      "properties": {
        "name": "Euclid Road",
        "highway": "unclassified"
      },
      "geometry": {
        "type": "LineString",
        "coordinates": [
          [
            28.2,
            -12.808092217627118
          ],
          [
            28.2000623,
            -12.8081051
          ],
          [
            28.2001568,
            -12.8081122
          ],
          [
            28.2002708,
            -12.8081175
          ],
          [
            28.2003938,
            -12.8081179
          ],
          [
            28.201964,
            -12.808108
          ],
          [
            28.2032464,
            -12.8080887
          ],
          [
            28.2048408,
            -12.8080684
          ],
          [
            28.208083,
            -12.8079736
          ]
        ]
      }
    },
    {
      "type": "Feature",
      "properties": {
        "name": "Kariba Road",
        "highway": "unclassified"
      },
      "geometry": {
        "type": "LineString",
        "coordinates": [
          [
            28.2023895,
            -12.8044887
          ],
          [
            28.2011847,
            -12.805039
          ],
          [
            28.2006718,
            -12.8052692
          ],
          [
            28.2005605,
            -12.8053307
          ],
          [
            28.2004371,
            -12.8054026
          ],
          [
            28.2003298,
            -12.8054745
          ],
          [
            28.2,
            -12.805781547805669
          ]
        ]
      }
    },
    {
      "type": "Feature",
      "properties": {
        "name": "Luano Road",
        "highway": "unclassified"
      },
      "geometry": {
        "type": "LineString",
        "coordinates": [
          [
            28.2011847,
            -12.805039
          ],
          [
            28.2015297,
            -12.8057773
          ],
          [
            28.2016736,
            -12.8061441
          ],
          [
            28.2017968,
            -12.8065412
          ],
          [
            28.2018399,
            -12.8067352
          ],
          [
            28.2018936,
            -12.807117
          ],
          [
            28.2019274,
            -12.8074709
          ],
          [
            28.201964,
            -12.808108
          ]
        ]
      }
    },
    {
      "type": "Feature",
      "properties": {
        "name": "Prescot Road",
        "highway": "unclassified"
      },
      "geometry": {
        "type": "LineString",
        "coordinates": [
          [
            28.2,
            -12.809999623750441
          ],
          [
            28.2002713,
            -12.8098968
          ],
          [
            28.2006414,
            -12.8097582
          ],
          [
            28.2013088,
            -12.8094945
          ],
          [
            28.2020657,
            -12.8092353
          ],
          [
            28.2021363,
            -12.8092003
          ],
          [
            28.2021779,
            -12.8091519
          ],
          [
            28.2021958,
            -12.8090935
          ],
          [
            28.2021873,
            -12.8090224
          ],
          [
            28.2021542,
            -12.8089004
          ],
          [
            28.2020223,
            -12.8084431
          ],
          [
            28.2019727,
            -12.8082011
          ],
          [
            28.201964,
            -12.808108
          ]
        ]
      }
    },
    {
      "type": "Feature",
      "properties": {
        "name": "Kabwe Road",
        "highway": "unclassified"
      },
      "geometry": {
        "type": "LineString",
        "coordinates": [
          [
            28.2,
            -12.809265074982356
          ],
          [
            28.2002713,
            -12.8098968
          ]
        ]
      }
    },
    {
      "type": "Feature",
      "properties": {
        "name": "Empire Drive",
        "highway": "residential"
      },
      "geometry": {
        "type": "LineString",
        "coordinates": [
          [
            28.2074907,
            -12.8133542
          ],
          [
            28.2077912,
            -12.8132072
          ],
          [
            28.2079658,
            -12.8131084
          ],
          [
            28.208322,
            -12.812927
          ],
          [
            28.2084355,
            -12.812842
          ],
          [
            28.2085081,
            -12.8127726
          ],
          [
            28.2085582,
            -12.812667
          ],
          [
            28.2086057,
            -12.8124818
          ],
          [
            28.2086176,
            -12.8123068
          ],
          [
            28.2086519,
            -12.8110393
          ],
          [
            28.208648,
            -12.8109023
          ],
          [
            28.2086361,
            -12.810818
          ],
          [
            28.2086071,
            -12.8107292
          ],
          [
            28.2085543,
            -12.8106417
          ],
          [
            28.2084606,
            -12.8105787
          ],
          [
            28.2078734,
            -12.8102763
          ],
          [
            28.2074762,
            -12.8100936
          ]
        ]
      }
    },
    {
      "type": "Feature",
      "properties": {
        "name": "Kumboka Drive",
        "highway": "secondary",
        "oneway": "yes"
      },
      "geometry": {
        "type": "LineString",
        "coordinates": [
          [
            28.2237463,
            -12.7972073
          ],
          [
            28.223544,
            -12.7971646
          ],
          [
            28.223319,
            -12.7971562
          ]
        ]
      }
    },
    {
      "type": "Feature",
      "properties": {
        "name": "Freedom Avenue",
        "highway": "secondary",
        "oneway": "yes"
      },
      "geometry": {
        "type": "LineString",
        "coordinates": [
          [
            28.2235056,
            -12.7964247
          ],
          [
            28.2234813,
            -12.7965542
          ],
          [
            28.2234713,
            -12.7966431
          ],
          [
            28.2234666,
            -12.7967406
          ],
          [
            28.2234695,
            -12.7968191
          ]
        ]
      }
    },
    {
      "type": "Feature",
      "properties": {
        "name": "Kumboka Drive",
        "highway": "secondary",
        "oneway": "yes"
      },
      "geometry": {
        "type": "LineString",
        "coordinates": [
          [
            28.2087557,
            -12.8004926
          ],
          [
            28.208662,
            -12.8005571
          ],
          [
            28.2086015,
            -12.8005988
          ],
          [
            28.2085441,
            -12.8006338
          ],
          [
            28.2084669,
            -12.8006652
          ],
          [
            28.2083918,
            -12.8006962
          ]
        ]
      }
    },
    {
      "type": "Feature",
      "properties": {
        "name": "Independence Avenue",
        "highway": "trunk",
        "oneway": "yes",
        "lanes": 4.0,
        "surface": "asphalt"
      },
      "geometry": {
        "type": "LineString",
        "coordinates": [
          [
            28.2083912,
            -12.8007007
          ],
          [
            28.2084172,
            -12.8008072
          ],
          [
            28.2084488,
            -12.8009256
          ],
          [
            28.2084995,
            -12.8011114
          ],
          [
            28.2085444,
            -12.8012964
          ],
          [
            28.2086219,
            -12.8016977
          ],
          [
            28.2086982,
            -12.8021405
          ],
          [
            28.2087841,
            -12.8025987
          ],
          [
            28.2089641,
            -12.8034513
          ],
          [
            28.2090247,
            -12.8037234
          ],
          [
            28.2090868,
            -12.8041037
          ],
          [
            28.2091317,
            -12.8045355
          ],
          [
            28.2092027,
            -12.8050685
          ],
          [
            28.2092413,
            -12.805358
          ],
          [
            28.209263,
            -12.8055211
          ],
          [
            28.2092938,
            -12.805842
          ],
          [
            28.2093421,
            -12.8062238
          ],
          [
            28.2094477,
            -12.8069353
          ],
          [
            28.2095134,
            -12.8073899
          ],
          [
            28.2095504,
            -12.8077022
          ],
          [
            28.2095849,
            -12.8079897
          ],
          [
            28.2095988,
            -12.8081881
          ],
          [
            28.2096361,
            -12.8083957
          ],
          [
            28.2096632,
            -12.8085201
          ],
          [
            28.2096899,
            -12.8086424
          ],
          [
            28.2097323,
            -12.8088393
          ],
          [
            28.2097707,
            -12.8090538
          ],
          [
            28.2097846,
            -12.8091283
          ],
          [
            28.2098114,
            -12.8093058
          ],
          [
            28.2098223,
            -12.8093708
          ],
          [
            28.2098513,
            -12.8095582
          ],
          [
            28.2099044,
            -12.8100275
          ],
          [
            28.2099389,
            -12.810281
          ],
          [
            28.2099992,
            -12.8108005
          ],
          [
            28.2100339,
            -12.8114023
          ],
          [
            28.2100536,
            -12.8122311
          ],
          [
            28.2100403,
            -12.8125371
          ],
          [
            28.2100266,
            -12.8133699
          ],
          [
            28.2100193,
            -12.81368
          ],
          [
            28.2099988,
            -12.8139585
          ],
          [
            28.209949,
            -12.8146345
          ],
          [
            28.209941,
            -12.8147315
          ],
          [
            28.2099434,
            -12.8148078
          ],
          [
            28.2099537,
            -12.8148659
          ],
          [
            28.2099715,
            -12.8149208
          ],
          [
            28.21000963661814,
            -12.815
          ]
        ]
      }
    },
    {
      "type": "Feature",
      "properties": {
        "name": "Kafulafute Road",
        "highway": "unclassified"
      },
      "geometry": {
        "type": "LineString",
        "coordinates": [
          [
            28.20079539232258,
            -12.795
          ],
          [
            28.2007932,
            -12.7950241
          ],
          [
            28.200759,
            -12.7951189
          ],
          [
            28.2006738,
            -12.795334
          ],
          [
            28.2005914,
            -12.7955053
          ],
          [
            28.2005431,
            -12.7955779
          ],
          [
            28.2004196,
            -12.7956662
          ],
          [
            28.2002728,
            -12.7957604
          ],
          [
            28.2,
            -12.795910947353365
          ]
        ]
      }
    },
    {
      "type": "Feature",
      "properties": {
        "name": "Kamongesha Road",
        "highway": "unclassified"
      },
      "geometry": {
        "type": "LineString",
        "coordinates": [
          [
            28.2056051,
            -12.7965908
          ],
          [
            28.2050841,
            -12.7968432
          ],
          [
            28.2038167,
            -12.7974121
          ],
          [
            28.2037765,
            -12.79745
          ],
          [
            28.203751,
            -12.7974997
          ],
          [
            28.2037456,
            -12.7975494
          ],
          [
            28.2037926,
            -12.7977482
          ],
          [
            28.2038046,
            -12.7978149
          ],
          [
            28.2037859,
            -12.7978777
          ],
          [
            28.2037497,
            -12.7979117
          ],
          [
            28.2030778,
            -12.7982059
          ],
          [
            28.2014832,
            -12.7989265
          ],
          [
            28.2000754,
            -12.799566
          ]
        ]
      }
    },
    {
      "type": "Feature",
      "properties": {
        "name": "Mulilakwenda Road",
        "highway": "unclassified",
        "surface": "asphalt"
      },
      "geometry": {
        "type": "LineString",
        "coordinates": [
          [
            28.2066049,
            -12.7981137
          ],
          [
            28.2051069,
            -12.7988154
          ],
          [
            28.2035846,
            -12.799512
          ],
          [
            28.2021993,
            -12.8001349
          ],
          [
            28.200652,
            -12.8008325
          ],
          [
            28.2,
            -12.801118038416638
          ]
        ]
      }
    },
    {
      "type": "Feature",
      "properties": {
        "name": "Unnamed Road",
        "highway": "residential"
      },
      "geometry": {
        "type": "LineString",
        "coordinates": [
          [
            28.224496,
            -12.8075517
          ],
          [
            28.2244725,
            -12.8082627
          ],
          [
            28.2244462,
            -12.808997
          ]
        ]
      }
    },
    {
      "type": "Feature",
      "properties": {
        "name": "Chandamali Road",
        "highway": "residential"
      },
      "geometry": {
        "type": "LineString",
        "coordinates": [
          [
            28.222174,
            -12.8074129
          ],
          [
            28.2221318,
            -12.8079383
          ],
          [
            28.2221093,
            -12.8082178
          ],
          [
            28.2220856,
            -12.8088959
          ],
          [
            28.222078,
            -12.8090845
          ],
          [
            28.2220705,
            -12.8092722
          ],
          [
            28.2220531,
            -12.8097397
          ],
          [
            28.2220155,
            -12.8099019
          ],
          [
            28.2219525,
            -12.8100522
          ],
          [
            28.2218707,
            -12.8101588
          ],
          [
            28.2217674,
            -12.8102595
          ],
          [
            28.2215314,
            -12.8104413
          ],
          [
            28.2207951,
            -12.8110311
          ],
          [
            28.2201292,
            -12.811562
          ],
          [
            28.2199857,
            -12.8116614
          ],
          [
            28.2198523,
            -12.8117287
          ],
          [
            28.219688,
            -12.8117935
          ],
          [
            28.2195338,
            -12.811832
          ],
          [
            28.2193661,
            -12.8118471
          ],
          [
            28.2191321,
            -12.8118379
          ],
          [
            28.2180951,
            -12.8117976
          ],
          [
            28.2166062,
            -12.8117425
          ]
        ]
      }
    },
    {
      "type": "Feature",
      "properties": {
        "name": "Auckland Avenue",
        "highway": "residential"
      },
      "geometry": {
        "type": "LineString",
        "coordinates": [
          [
            28.2180951,
            -12.8117976
          ],
          [
            28.2181359,
            -12.8107291
          ],
          [
            28.2181515,
            -12.810321
          ],
          [
            28.2181463,
            -12.8101386
          ],
          [
            28.2181363,
            -12.81
          ],
          [
            28.2180417,
            -12.8093805
          ],
          [
            28.2166684,
            -12.8098025
          ]
        ]
      }
    },
    {
      "type": "Feature",
      "properties": {
        "name": "Hertford Avenue",
        "highway": "residential"
      },
      "geometry": {
        "type": "LineString",
        "coordinates": [
          [
            28.2180417,
            -12.8093805
          ],
          [
            28.2181076,
            -12.8092803
          ],
          [
            28.2189471,
            -12.8090446
          ],
          [
            28.2192609,
            -12.8089688
          ],
          [
            28.2195666,
            -12.8089112
          ],
          [
            28.2199609,
            -12.8088746
          ],
          [
            28.2207361,
            -12.8088537
          ],
          [
            28.2212269,
            -12.808869
          ],
          [
            28.2220856,
            -12.8088959
          ]
        ]
      }
    },
    {
      "type": "Feature",
      "properties": {
        "name": "Mayfair Crescent",
        "highway": "residential"
      },
      "geometry": {
        "type": "LineString",
        "coordinates": [
          [
            28.2207951,
            -12.8110311
          ],
          [
            28.2204156,
            -12.8105505
          ],
          [
            28.2203794,
            -12.8105217
          ],
          [
            28.2203351,
            -12.8105152
          ],
          [
            28.2201581,
            -12.8105328
          ],
          [
            28.2199717,
            -12.8105616
          ],
          [
            28.2199375,
            -12.8105557
          ],
          [
            28.219912,
            -12.8105322
          ],
          [
            28.2198986,
            -12.8104962
          ],
          [
            28.2198229,
            -12.8103202
          ],
          [
            28.2197075,
            -12.8100516
          ],
          [
            28.2197122,
            -12.810015
          ],
          [
            28.2197329,
            -12.809981
          ],
          [
            28.2197678,
            -12.809962
          ],
          [
            28.2199502,
            -12.8099267
          ],
          [
            28.2201198,
            -12.8099267
          ],
          [
            28.2203236,
            -12.8099555
          ]
        ]
      }
    },
    {
      "type": "Feature",
      "properties": {
        "name": "Unnamed Road",
        "highway": "path"
      },
      "geometry": {
        "type": "LineString",
        "coordinates": [
          [
            28.2181363,
            -12.81
          ],
          [
            28.2189215,
            -12.8097933
          ],
          [
            28.2195518,
            -12.8096338
          ],
          [
            28.2199032,
            -12.8095553
          ],
          [
            28.2202679,
            -12.8095815
          ]
        ]
      }
    },
    {
      "type": "Feature",
      "properties": {
        "name": "Unnamed Road",
        "highway": "path"
      },
      "geometry": {
        "type": "LineString",
        "coordinates": [
          [
            28.2181363,
            -12.81
          ],
          [
            28.2175483,
            -12.8101588
          ],
          [
            28.2175013,
            -12.8101719
          ],
          [
            28.2174557,
            -12.8102007
          ],
          [
            28.2174276,
            -12.810253
          ],
          [
            28.2174087,
            -12.8105884
          ],
          [
            28.217406,
            -12.8111036
          ]
        ]
      }
    },
    {
      "type": "Feature",
      "properties": {
        "name": "Unnamed Road",
        "highway": "path"
      },
      "geometry": {
        "type": "LineString",
        "coordinates": [
          [
            28.2166586,
            -12.809741
          ],
          [
            28.2159066,
            -12.8098604
          ],
          [
            28.2155002,
            -12.8099334
          ],
          [
            28.2152782,
            -12.8099699
          ],
          [
            28.2150021,
            -12.8100078
          ]
        ]
      }
    },
    {
      "type": "Feature",
      "properties": {
        "name": "First Mayor Street",
        "highway": "unclassified"
      },
      "geometry": {
        "type": "LineString",
        "coordinates": [
          [
            28.2068268,
            -12.7961926
          ],
          [
            28.2067812,
            -12.7960906
          ],
          [
            28.206749,
            -12.7960265
          ],
          [
            28.2065901,
            -12.7957486
          ],
          [
            28.206385,
            -12.7954151
          ],
          [
            28.2061217766639,
            -12.795
          ]
        ]
      }
    },
    {
      "type": "Feature",
      "properties": {
        "name": "Unnamed Road",
        "highway": "residential"
      },
      "geometry": {
        "type": "LineString",
        "coordinates": [
          [
            28.2093347,
            -12.7950385
          ],
          [
            28.209327192578282,
            -12.795
          ]
        ]
      }
    },
    {
      "type": "Feature",
      "properties": {
        "name": "Freedom Avenue",
        "highway": "secondary"
      },
      "geometry": {
        "type": "LineString",
        "coordinates": [
          [
            28.2235056,
            -12.7964247
          ],
          [
            28.2236507,
            -12.7959517
          ],
          [
            28.223769,
            -12.7956025
          ],
          [
            28.2239197,
            -12.7952914
          ],
          [
            28.2241063,
            -12.7950385
          ],
          [
            28.224148662924282,
            -12.795
          ]
        ]
      }
    },
    {
      "type": "Feature",
      "properties": {
        "name": "Kumboka Drive",
        "highway": "secondary"
      },
      "geometry": {
        "type": "LineString",
        "coordinates": [
          [
            28.2237463,
            -12.7972073
          ],
          [
            28.2240728,
            -12.7973637
          ],
          [
            28.2244322,
            -12.7975664
          ],
          [
            28.2245427,
            -12.7976405
          ],
          [
            28.224915,
            -12.7978901
          ],
          [
            28.225,
            -12.797957160688407
          ]
        ]
      }
    },
    {
      "type": "Feature",
      "properties": {
        "name": "Unnamed Road",
        "highway": "residential"
      },
      "geometry": {
        "type": "LineString",
        "coordinates": [
          [
            28.2031663,
            -12.8066917
          ],
          [
            28.2041565,
            -12.806532
          ],
          [
            28.2047478,
            -12.8064476
          ],
          [
            28.2049407,
            -12.8064047
          ],
          [
            28.2050666,
            -12.806369
          ],
          [
            28.2051337,
            -12.806335
          ],
          [
            28.2051873,
            -12.8062892
          ],
          [
            28.2052236,
            -12.8062489
          ],
          [
            28.2052758,
            -12.8061585
          ],
          [
            28.2053013,
            -12.8060826
          ],
          [
            28.2053184,
            -12.8060188
          ],
          [
            28.2053552,
            -12.8057914
          ],
          [
            28.2053707,
            -12.8056284
          ],
          [
            28.2053496,
            -12.8053941
          ],
          [
            28.2053256,
            -12.8052668
          ],
          [
            28.2052668,
            -12.8049742
          ],
          [
            28.2052211,
            -12.8047437
          ],
          [
            28.2051496,
            -12.8043058
          ],
          [
            28.2049974,
            -12.8035851
          ],
          [
            28.2049285,
            -12.8033926
          ],
          [
            28.2048668,
            -12.8032997
          ],
          [
            28.2048294,
            -12.8032464
          ],
          [
            28.2047864,
            -12.8032032
          ],
          [
            28.2045799,
            -12.8030348
          ],
          [
            28.2042807,
            -12.8028224
          ],
          [
            28.204014,
            -12.8026369
          ],
          [
            28.2039736,
            -12.802604
          ],
          [
            28.2039414,
            -12.8025674
          ],
          [
            28.2039039,
            -12.8025098
          ],
          [
            28.2037134,
            -12.8021149
          ],
          [
            28.2033426,
            -12.8012999
          ]
        ]
      }
    },
    {
      "type": "Feature",
      "properties": {
        "name": "Unnamed Road",
        "highway": "residential"
      },
      "geometry": {
        "type": "LineString",
        "coordinates": [
          [
            28.2049974,
            -12.8035851
          ],
          [
            28.2042554,
            -12.8037485
          ],
          [
            28.2039872,
            -12.8038087
          ],
          [
            28.2036638,
            -12.8039039
          ],
          [
            28.2033728,
            -12.8039981
          ]
        ]
      }
    },
    {
      "type": "Feature",
      "properties": {
        "name": "Unnamed Road",
        "highway": "residential"
      },
      "geometry": {
        "type": "LineString",
        "coordinates": [
          [
            28.2049974,
            -12.8035851
          ],
          [
            28.2060364,
            -12.8033902
          ]
        ]
      }
    },
    {
      "type": "Feature",
      "properties": {
        "name": "Unnamed Road",
        "highway": "residential"
      },
      "geometry": {
        "type": "LineString",
        "coordinates": [
          [
            28.2045799,
            -12.8030348
          ],
          [
            28.204883,
            -12.8027683
          ],
          [
            28.20496,
            -12.8027164
          ],
          [
            28.2052961,
            -12.8025244
          ],
          [
            28.205563,
            -12.8023989
          ]
        ]
      }
    },
    {
      "type": "Feature",
      "properties": {
        "name": "Unnamed Road",
        "highway": "residential"
      },
      "geometry": {
        "type": "LineString",
        "coordinates": [
          [
            28.2035982,
            -12.8047346
          ],
          [
            28.203932,
            -12.8046035
          ],
          [
            28.2043022,
            -12.8044832
          ],
          [
            28.204478,
            -12.8044416
          ],
          [
            28.2047355,
            -12.8043893
          ],
          [
            28.2051496,
            -12.8043058
          ],
          [
            28.2062456,
            -12.8040938
          ]
        ]
      }
    },
    {
      "type": "Feature",
      "properties": {
        "name": "Unnamed Road",
        "highway": "residential"
      },
      "geometry": {
        "type": "LineString",
        "coordinates": [
          [
            28.2038838,
            -12.8053385
          ],
          [
            28.2041842,
            -12.8052234
          ],
          [
            28.2045102,
            -12.8051269
          ],
          [
            28.2049394,
            -12.8050354
          ],
          [
            28.2052668,
            -12.8049742
          ],
          [
            28.2064334,
            -12.8047163
          ]
        ]
      }
    },
    {
      "type": "Feature",
      "properties": {
        "name": "Unnamed Road",
        "highway": "residential"
      },
      "geometry": {
        "type": "LineString",
        "coordinates": [
          [
            28.2053707,
            -12.8056284
          ],
          [
            28.206714,
            -12.8053988
          ],
          [
            28.2067774,
            -12.8054749
          ],
          [
            28.2068734,
            -12.8057364
          ],
          [
            28.2069095,
            -12.8058348
          ],
          [
            28.2069505,
            -12.8060352
          ]
        ]
      }
    },
    {
      "type": "Feature",
      "properties": {
        "name": "Richmond Gardens Road",
        "highway": "residential",
        "surface": "pebblestone"
      },
      "geometry": {
        "type": "LineString",
        "coordinates": [
          [
            28.2076176,
            -12.8057337
          ],
          [
            28.2075544,
            -12.8056537
          ],
          [
            28.2075251,
            -12.8055885
          ],
          [
            28.2073756,
            -12.8050152
          ],
          [
            28.2073411,
            -12.8048599
          ],
          [
            28.207006,
            -12.803245
          ],
          [
            28.2070139,
            -12.8031572
          ],
          [
            28.2070378,
            -12.803078
          ],
          [
            28.2070951,
            -12.8029216
          ],
          [
            28.2070743,
            -12.8027621
          ],
          [
            28.2069265,
            -12.8019237
          ],
          [
            28.2068572,
            -12.8015305
          ],
          [
            28.2068281,
            -12.8014026
          ],
          [
            28.2067311,
            -12.800976
          ],
          [
            28.206735,
            -12.8009313
          ],
          [
            28.206747,
            -12.8008908
          ],
          [
            28.2067806,
            -12.800845
          ],
          [
            28.2068625,
            -12.800793
          ],
          [
            28.207126,
            -12.8006765
          ],
          [
            28.2075626,
            -12.8004726
          ],
          [
            28.2076362,
            -12.8004645
          ],
          [
            28.207761,
            -12.8005021
          ],
          [
            28.2078668,
            -12.8004815
          ],
          [
            28.20793,
            -12.8004661
          ],
          [
            28.2079627,
            -12.800472
          ],
          [
            28.2079857,
            -12.8005059
          ],
          [
            28.2079956,
            -12.8005534
          ],
          [
            28.208009,
            -12.8006031
          ],
          [
            28.2080358,
            -12.8006436
          ],
          [
            28.2080694,
            -12.8006502
          ],
          [
            28.2081143,
            -12.8006541
          ]
        ]
      }
    },
    {
      "type": "Feature",
      "properties": {
        "name": "Kew Gardens",
        "highway": "residential",
        "surface": "sand"
      },
      "geometry": {
        "type": "LineString",
        "coordinates": [
          [
            28.2087841,
            -12.8025987
          ],
          [
            28.2086759,
            -12.802615
          ],
          [
            28.2085912,
            -12.8026133
          ],
          [
            28.2078655,
            -12.8027805
          ],
          [
            28.2070951,
            -12.8029216
          ]
        ]
      }
    },
    {
      "type": "Feature",
      "properties": {
        "name": "Unnamed Road",
        "highway": "trunk_link",
        "oneway": "yes"
      },
      "geometry": {
        "type": "LineString",
        "coordinates": [
          [
            28.2094415,
            -12.8077559
          ],
          [
            28.2094928,
            -12.8078406
          ],
          [
            28.2095076,
            -12.8079157
          ],
          [
            28.2095167,
            -12.808
          ],
          [
            28.2095372,
            -12.8080649
          ],
          [
            28.2095988,
            -12.8081881
          ]
        ]
      }
    },
    {
      "type": "Feature",
      "properties": {
        "name": "Kalela Avenue",
        "highway": "residential",
        "lanes": 2.0,
        "surface": "asphalt"
      },
      "geometry": {
        "type": "LineString",
        "coordinates": [
          [
            28.2089763,
            -12.8041171
          ],
          [
            28.2090868,
            -12.8041037
          ],
          [
            28.2098168,
            -12.804036
          ],
          [
            28.2104854,
            -12.8039412
          ],
          [
            28.210943,
            -12.8039045
          ],
          [
            28.2109987,
            -12.8039095
          ],
          [
            28.2110429,
            -12.8039274
          ],
          [
            28.2110795,
            -12.8039474
          ],
          [
            28.2121302,
            -12.8044832
          ],
          [
            28.2121765,
            -12.8045408
          ],
          [
            28.2122033,
            -12.8046153
          ],
          [
            28.2122817,
            -12.8050276
          ],
          [
            28.2123716,
            -12.8056955
          ],
          [
            28.2125017,
            -12.8069078
          ],
          [
            28.2124852,
            -12.8069444
          ],
          [
            28.2124682,
            -12.8069823
          ],
          [
            28.2124212,
            -12.807019
          ],
          [
            28.212318,
            -12.8070438
          ],
          [
            28.2109326,
            -12.8072164
          ],
          [
            28.2095134,
            -12.8073899
          ],
          [
            28.2093919,
            -12.8074081
          ]
        ]
      }
    },
    {
      "type": "Feature",
      "properties": {
        "name": "Unnamed Road",
        "highway": "residential"
      },
      "geometry": {
        "type": "LineString",
        "coordinates": [
          [
            28.2123716,
            -12.8056955
          ],
          [
            28.2108039,
            -12.8059008
          ],
          [
            28.2107422,
            -12.8058721
          ]
        ]
      }
    },
    {
      "type": "Feature",
      "properties": {
        "name": "Twalilubuka",
        "highway": "residential"
      },
      "geometry": {
        "type": "LineString",
        "coordinates": [
          [
            28.2104854,
            -12.8039412
          ],
          [
            28.2101145,
            -12.8009104
          ],
          [
            28.2096894,
            -12.800095
          ]
        ]
      }
    },
    {
      "type": "Feature",
      "properties": {
        "name": "St. Peter's Close",
        "highway": "residential"
      },
      "geometry": {
        "type": "LineString",
        "coordinates": [
          [
            28.2248874,
            -12.8054024
          ],
          [
            28.225,
            -12.805324814347541
          ]
        ]
      }
    },
    {
      "type": "Feature",
      "properties": {
        "name": "Unnamed Road",
        "highway": "residential"
      },
      "geometry": {
        "type": "LineString",
        "coordinates": [
          [
            28.225,
            -12.804109459391489
          ],
          [
            28.2243152,
            -12.8045668
          ],
          [
            28.2236205,
            -12.8050367
          ],
          [
            28.2236087,
            -12.8050521
          ],
          [
            28.2236054,
            -12.8050665
          ],
          [
            28.2236057,
            -12.8050799
          ],
          [
            28.2236128,
            -12.8051002
          ],
          [
            28.2237047,
            -12.8052785
          ],
          [
            28.2237965,
            -12.8054294
          ],
          [
            28.2238582,
            -12.8055177
          ],
          [
            28.2239187,
            -12.8055846
          ],
          [
            28.2240479,
            -12.8056837
          ],
          [
            28.2242028,
            -12.8057786
          ],
          [
            28.224512,
            -12.8059669
          ],
          [
            28.2245867,
            -12.8060026
          ],
          [
            28.2246605,
            -12.8060094
          ],
          [
            28.2247245,
            -12.8060002
          ],
          [
            28.2247946,
            -12.8059783
          ],
          [
            28.2249745,
            -12.8059131
          ],
          [
            28.225,
            -12.805902410810809
          ]
        ]
      }
    },
    {
      "type": "Feature",
      "properties": {
        "name": "Kenyatta Road",
        "highway": "residential"
      },
      "geometry": {
        "type": "LineString",
        "coordinates": [
          [
            28.2240286,
            -12.8040937
          ],
          [
            28.2245292,
            -12.8030708
          ],
          [
            28.2249156,
            -12.8022522
          ],
          [
            28.225,
            -12.80207688966368
          ]
        ]
      }
    },
    {
      "type": "Feature",
      "properties": {
        "name": "Newlands Court",
        "highway": "residential"
      },
      "geometry": {
        "type": "LineString",
        "coordinates": [
          [
            28.2218773,
            -12.8008003
          ],
          [
            28.2218951,
            -12.8008059
          ],
          [
            28.2235538,
            -12.8013545
          ],
          [
            28.2235867,
            -12.801461
          ],
          [
            28.2236688,
            -12.8015339
          ],
          [
            28.2235321,
            -12.8019599
          ]
        ]
      }
    },
    {
      "type": "Feature",
      "properties": {
        "name": "Wembley Road",
        "highway": "residential"
      },
      "geometry": {
        "type": "LineString",
        "coordinates": [
          [
            28.2230924,
            -12.7999629
          ],
          [
            28.2236195,
            -12.7985721
          ],
          [
            28.2236463,
            -12.7984923
          ],
          [
            28.2236483,
            -12.7984459
          ],
          [
            28.2236261,
            -12.7984121
          ],
          [
            28.2235712,
            -12.7983844
          ],
          [
            28.2228509,
            -12.7981185
          ],
          [
            28.2228439,
            -12.7981153
          ]
        ]
      }
    },
    {
      "type": "Feature",
      "properties": {
        "name": "Kalemba Drive",
        "highway": "unclassified",
        "surface": "asphalt"
      },
      "geometry": {
        "type": "LineString",
        "coordinates": [
          [
            28.2220694,
            -12.8002553
          ],
          [
            28.221973,
            -12.8002235
          ],
          [
            28.2206834,
            -12.799804
          ],
          [
            28.2193895,
            -12.7993507
          ],
          [
            28.2192668,
            -12.7992988
          ],
          [
            28.2190897,
            -12.7992169
          ],
          [
            28.2187875,
            -12.799056
          ],
          [
            28.2183963,
            -12.798762
          ],
          [
            28.2182269,
            -12.7986061
          ],
          [
            28.2180686,
            -12.7984113
          ],
          [
            28.2179962,
            -12.7982975
          ],
          [
            28.2177749,
            -12.797913
          ],
          [
            28.217203,
            -12.7967255
          ]
        ]
      }
    },
    {
      "type": "Feature",
      "properties": {
        "name": "Lukasu Drive",
        "highway": "residential"
      },
      "geometry": {
        "type": "LineString",
        "coordinates": [
          [
            28.2122817,
            -12.8050276
          ],
          [
            28.2135406,
            -12.8048583
          ],
          [
            28.213747,
            -12.8053073
          ],
          [
            28.213795,
            -12.8053661
          ],
          [
            28.2138564,
            -12.8054138
          ],
          [
            28.2151465,
            -12.8058731
          ],
          [
            28.2158361,
            -12.8061109
          ],
          [
            28.215942,
            -12.8061132
          ],
          [
            28.2159865,
            -12.8060976
          ],
          [
            28.2167651,
            -12.8057544
          ],
          [
            28.2176216,
            -12.8053713
          ],
          [
            28.2176762,
            -12.8053366
          ],
          [
            28.2177265,
            -12.8052976
          ],
          [
            28.2178039,
            -12.8052317
          ],
          [
            28.2178683,
            -12.8051675
          ],
          [
            28.2179325,
            -12.8050928
          ],
          [
            28.2182692,
            -12.8046805
          ]
        ]
      }
    },
    {
      "type": "Feature",
      "properties": {
        "name": "Unnamed Road",
        "highway": "residential"
      },
      "geometry": {
        "type": "LineString",
        "coordinates": [
          [
            28.2135406,
            -12.8048583
          ],
          [
            28.2133236,
            -12.8043769
          ],
          [
            28.2130707,
            -12.8037876
          ],
          [
            28.2130557,
            -12.803701
          ],
          [
            28.2130623,
            -12.8036227
          ],
          [
            28.2132339,
            -12.802995
          ],
          [
            28.2132655,
            -12.8029508
          ],
          [
            28.2132956,
            -12.8029087
          ],
          [
            28.2133788,
            -12.8028459
          ],
          [
            28.215145,
            -12.8020344
          ]
        ]
      }
    },
    {
      "type": "Feature",
      "properties": {
        "name": "Harrow Crescent",
        "highway": "residential"
      },
      "geometry": {
        "type": "LineString",
        "coordinates": [
          [
            28.2167651,
            -12.8057544
          ],
          [
            28.2165545,
            -12.8052247
          ],
          [
            28.2164955,
            -12.8051136
          ],
          [
            28.2164325,
            -12.8050338
          ],
          [
            28.2157188,
            -12.8044688
          ],
          [
            28.2154146,
            -12.8042164
          ],
          [
            28.2148352,
            -12.8037849
          ],
          [
            28.2147588,
            -12.80376
          ],
          [
            28.214681,
            -12.8037666
          ],
          [
            28.2144289,
            -12.8038712
          ],
          [
            28.2133236,
            -12.8043769
          ]
        ]
      }
    },
    {
      "type": "Feature",
      "properties": {
        "name": "Unnamed Road",
        "highway": "residential"
      },
      "geometry": {
        "type": "LineString",
        "coordinates": [
          [
            28.2144289,
            -12.8038712
          ],
          [
            28.2144895,
            -12.8039703
          ],
          [
            28.2145959,
            -12.8041821
          ],
          [
            28.2146432,
            -12.8042426
          ],
          [
            28.21472,
            -12.80427
          ],
          [
            28.2152992,
            -12.804476
          ],
          [
            28.2153864,
            -12.8045005
          ],
          [
            28.2155179,
            -12.804502
          ],
          [
            28.2157188,
            -12.8044688
          ]
        ]
      }
    },
    {
      "type": "Feature",
      "properties": {
        "name": "Clifton Crescent",
        "highway": "residential"
      },
      "geometry": {
        "type": "LineString",
        "coordinates": [
          [
            28.215145,
            -12.8020344
          ],
          [
            28.2163855,
            -12.8014701
          ],
          [
            28.216462,
            -12.8014662
          ],
          [
            28.2165384,
            -12.8014832
          ],
          [
            28.2166068,
            -12.801563
          ]
        ]
      }
    },
    {
      "type": "Feature",
      "properties": {
        "name": "St. George's Close",
        "highway": "residential"
      },
      "geometry": {
        "type": "LineString",
        "coordinates": [
          [
            28.2168239,
            -12.8035438
          ],
          [
            28.2175007,
            -12.8027486
          ],
          [
            28.218152,
            -12.8019833
          ]
        ]
      }
    },
    {
      "type": "Feature",
      "properties": {
        "name": "Glenalmond Close",
        "highway": "residential"
      },
      "geometry": {
        "type": "LineString",
        "coordinates": [
          [
            28.2178956,
            -12.8043786
          ],
          [
            28.2192519,
            -12.8027166
          ]
        ]
      }
    },
    {
      "type": "Feature",
      "properties": {
        "name": "Rodean Drive",
        "highway": "residential"
      },
      "geometry": {
        "type": "LineString",
        "coordinates": [
          [
            28.2158094,
            -12.8002553
          ],
          [
            28.2145537,
            -12.8008322
          ],
          [
            28.2132643,
            -12.8013976
          ],
          [
            28.2131051,
            -12.8014951
          ],
          [
            28.2129677,
            -12.8015614
          ],
          [
            28.2129101,
            -12.8015787
          ],
          [
            28.212786,
            -12.8015974
          ],
          [
            28.2124358,
            -12.8016219
          ],
          [
            28.212393,
            -12.801619
          ],
          [
            28.2120694,
            -12.8016839
          ]
        ]
      }
    },
    {
      "type": "Feature",
      "properties": {
        "name": "Madzimoyo Road",
        "highway": "residential",
        "surface": "unpaved"
      },
      "geometry": {
        "type": "LineString",
        "coordinates": [
          [
            28.213988,
            -12.7996236
          ],
          [
            28.2152462,
            -12.7990668
          ]
        ]
      }
    },
    {
      "type": "Feature",
      "properties": {
        "name": "Byron Close",
        "highway": "residential"
      },
      "geometry": {
        "type": "LineString",
        "coordinates": [
          [
            28.2179962,
            -12.7982975
          ],
          [
            28.2186393,
            -12.7978295
          ],
          [
            28.2187097,
            -12.7977822
          ],
          [
            28.2187808,
            -12.7977587
          ],
          [
            28.2195505,
            -12.7976462
          ],
          [
            28.2196431,
            -12.7976423
          ],
          [
            28.2197128,
            -12.7976658
          ],
          [
            28.2197691,
            -12.7977181
          ]
        ]
      }
    },
    {
      "type": "Feature",
      "properties": {
        "name": "Thackery Close",
        "highway": "residential"
      },
      "geometry": {
        "type": "LineString",
        "coordinates": [
          [
            28.2183963,
            -12.798762
          ],
          [
            28.2173069,
            -12.7999244
          ]
        ]
      }
    },
    {
      "type": "Feature",
      "properties": {
        "name": "Egupto Close (Dickens Close)",
        "highway": "residential"
      },
      "geometry": {
        "type": "LineString",
        "coordinates": [
          [
            28.2193895,
            -12.7993507
          ],
          [
            28.2187667,
            -12.8010427
          ]
        ]
      }
    },
    {
      "type": "Feature",
      "properties": {
        "name": "Chaucer Close",
        "highway": "residential"
      },
      "geometry": {
        "type": "LineString",
        "coordinates": [
          [
            28.2206834,
            -12.799804
          ],
          [
            28.2201212,
            -12.8013487
          ]
        ]
      }
    },
    {
      "type": "Feature",
      "properties": {
        "name": "Unnamed Road",
        "highway": "residential"
      },
      "geometry": {
        "type": "LineString",
        "coordinates": [
          [
            28.2213148,
            -12.798571
          ],
          [
            28.2212424,
            -12.7984766
          ],
          [
            28.2211988,
            -12.7984446
          ],
          [
            28.2211512,
            -12.7984302
          ],
          [
            28.2210875,
            -12.7984479
          ],
          [
            28.2210633,
            -12.798491
          ],
          [
            28.2210512,
            -12.798529
          ],
          [
            28.2210727,
            -12.798578
          ],
          [
            28.2211223,
            -12.7986231
          ],
          [
            28.221178,
            -12.7986303
          ],
          [
            28.2212491,
            -12.7986146
          ],
          [
            28.2213148,
            -12.798571
          ]
        ]
      }
    },
    {
      "type": "Feature",
      "properties": {
        "name": "Walton Crescent",
        "highway": "residential"
      },
      "geometry": {
        "type": "MultiLineString",
        "coordinates": [
          [
            [
              28.2219583,
              -12.7965369
            ],
            [
              28.2221812,
              -12.7956886
            ],
            [
              28.2221845,
              -12.7956217
            ],
            [
              28.2221791,
              -12.7955498
            ],
            [
              28.2221442,
              -12.7954203
            ],
            [
              28.2221107,
              -12.7953471
            ],
            [
              28.2220256,
              -12.795215
            ],
            [
              28.2219605,
              -12.79513
            ],
            [
              28.2218814,
              -12.795064
            ],
            [
              28.221758,
              -12.7950071
            ],
            [
              28.2217035288,
              -12.795
            ]
          ],
          [
            [
              28.221581175,
              -12.795
            ],
            [
              28.2215542,
              -12.7950018
            ],
            [
              28.2214569,
              -12.7950201
            ],
            [
              28.2210553,
              -12.7951901
            ]
          ]
        ]
      }
    },
    {
      "type": "Feature",
      "properties": {
        "name": "Unnamed Road",
        "highway": "unclassified"
      },
      "geometry": {
        "type": "LineString",
        "coordinates": [
          [
            28.213027153835213,
            -12.795
          ],
          [
            28.213211,
            -12.7954109
          ],
          [
            28.21444,
            -12.797929
          ]
        ]
      }
    },
    {
      "type": "Feature",
      "properties": {
        "name": "Unnamed Road",
        "highway": "residential"
      },
      "geometry": {
        "type": "LineString",
        "coordinates": [
          [
            28.2126539,
            -12.7953695
          ],
          [
            28.2123917,
            -12.795481
          ],
          [
            28.2121588,
            -12.7955972
          ],
          [
            28.2118639,
            -12.7957357
          ],
          [
            28.2117621,
            -12.7957815
          ],
          [
            28.2116983,
            -12.7958033
          ],
          [
            28.2115576,
            -12.7958434
          ],
          [
            28.2113408,
            -12.7958808
          ],
          [
            28.2112263,
            -12.7958952
          ],
          [
            28.2110796,
            -12.795909
          ],
          [
            28.2109072,
            -12.795913
          ],
          [
            28.2108022,
            -12.7959077
          ],
          [
            28.2105524,
            -12.7958703
          ],
          [
            28.2103161,
            -12.7958414
          ],
          [
            28.2102609,
            -12.795825
          ],
          [
            28.2102254,
            -12.7957963
          ],
          [
            28.2101983,
            -12.7957396
          ]
        ]
      }
    },
    {
      "type": "Feature",
      "properties": {
        "name": "Unnamed Road",
        "highway": "residential"
      },
      "geometry": {
        "type": "LineString",
        "coordinates": [
          [
            28.2101983,
            -12.7957396
          ],
          [
            28.2101828,
            -12.7956366
          ],
          [
            28.2101384,
            -12.7954678
          ],
          [
            28.2100374,
            -12.7952545
          ],
          [
            28.2099863,
            -12.7951435
          ],
          [
            28.2099903,
            -12.7950936
          ],
          [
            28.2100159,
            -12.7950654
          ],
          [
            28.2100596,
            -12.7950496
          ],
          [
            28.2101472,
            -12.7950339
          ],
          [
            28.21044,
            -12.7950188
          ],
          [
            28.2105572,
            -12.7950306
          ],
          [
            28.2107638,
            -12.7950437
          ],
          [
            28.2109451,
            -12.7950395
          ],
          [
            28.210988,
            -12.7950359
          ],
          [
            28.2110883,
            -12.7950142
          ],
          [
            28.211145623341526,
            -12.795
          ]
        ]
      }
    },
    {
      "type": "Feature",
      "properties": {
        "name": "Unnamed Road",
        "highway": "residential"
      },
      "geometry": {
        "type": "LineString",
        "coordinates": [
          [
            28.21044,
            -12.7950188
          ],
          [
            28.210463545631068,
            -12.795
          ]
        ]
      }
    },
    {
      "type": "Feature",
      "properties": {
        "name": "Unnamed Road",
        "highway": "residential"
      },
      "geometry": {
        "type": "LineString",
        "coordinates": [
          [
            28.212155238559188,
            -12.795
          ],
          [
            28.2121783,
            -12.7950562
          ],
          [
            28.2122564,
            -12.7952085
          ],
          [
            28.2123917,
            -12.795481
          ]
        ]
      }
    },
    {
      "type": "Feature",
      "properties": {
        "name": "Unnamed Road",
        "highway": "residential"
      },
      "geometry": {
        "type": "LineString",
        "coordinates": [
          [
            28.2101384,
            -12.7954678
          ],
          [
            28.2109766,
            -12.795477
          ],
          [
            28.2111079,
            -12.7954606
          ],
          [
            28.2112499,
            -12.7954265
          ],
          [
            28.2114371,
            -12.7953864
          ],
          [
            28.2115946,
            -12.7953267
          ],
          [
            28.2118397,
            -12.7952171
          ],
          [
            28.2121089,
            -12.795089
          ],
          [
            28.2121783,
            -12.7950562
          ]
        ]
      }
    },
    {
      "type": "Feature",
      "properties": {
        "name": "Unnamed Road",
        "highway": "service"
      },
      "geometry": {
        "type": "LineString",
        "coordinates": [
          [
            28.2100381,
            -12.7999204
          ],
          [
            28.209788,
            -12.7993574
          ],
          [
            28.2097571,
            -12.7992777
          ],
          [
            28.2097397,
            -12.7992057
          ],
          [
            28.2097236,
            -12.7990861
          ],
          [
            28.2097283,
            -12.7981562
          ],
          [
            28.20973,
            -12.7973624
          ],
          [
            28.2097306,
            -12.7970678
          ],
          [
            28.2097387,
            -12.796938
          ]
        ]
      }
    },
    {
      "type": "Feature",
      "properties": {
        "name": "Freedom Avenue",
        "highway": "secondary",
        "oneway": "yes"
      },
      "geometry": {
        "type": "LineString",
        "coordinates": [
          [
            28.2178263,
            -12.8067278
          ],
          [
            28.2179996,
            -12.8064298
          ],
          [
            28.2181035,
            -12.806282
          ],
          [
            28.2182898,
            -12.8060587
          ]
        ]
      }
    },
    {
      "type": "Feature",
      "properties": {
        "name": "Unnamed Road",
        "highway": "secondary_link",
        "oneway": "yes"
      },
      "geometry": {
        "type": "LineString",
        "coordinates": [
          [
            28.2135635,
            -12.8096993
          ],
          [
            28.2135578,
            -12.8096441
          ],
          [
            28.2135409,
            -12.8095915
          ],
          [
            28.213512,
            -12.8095443
          ],
          [
            28.2134729,
            -12.8095053
          ],
          [
            28.2134257,
            -12.8094764
          ]
        ]
      }
    },
    {
      "type": "Feature",
      "properties": {
        "name": "Unnamed Road",
        "highway": "secondary_link",
        "oneway": "yes",
        "lanes": 2.0,
        "surface": "asphalt"
      },
      "geometry": {
        "type": "LineString",
        "coordinates": [
          [
            28.2141682,
            -12.8094195
          ],
          [
            28.214064,
            -12.8094613
          ],
          [
            28.2139723,
            -12.8094835
          ],
          [
            28.2138334,
            -12.8095167
          ],
          [
            28.2137664,
            -12.8095443
          ],
          [
            28.2137104,
            -12.8095957
          ],
          [
            28.2136899,
            -12.809624
          ],
          [
            28.2136805,
            -12.8096488
          ],
          [
            28.2136679,
            -12.809693
          ]
        ]
      }
    },
    {
      "type": "Feature",
      "properties": {
        "name": "Freedom Avenue",
        "highway": "secondary",
        "oneway": "yes",
        "surface": "asphalt"
      },
      "geometry": {
        "type": "LineString",
        "coordinates": [
          [
            28.2180059,
            -12.8071647
          ],
          [
            28.2177414,
            -12.8071994
          ],
          [
            28.2175563,
            -12.8072413
          ],
          [
            28.2174926,
            -12.8072622
          ],
          [
            28.2174115,
            -12.8073047
          ],
          [
            28.2173227,
            -12.8073403
          ]
        ]
      }
    },
    {
      "type": "Feature",
      "properties": {
        "name": "Freedom Avenue",
        "highway": "secondary",
        "oneway": "yes"
      },
      "geometry": {
        "type": "LineString",
        "coordinates": [
          [
            28.2173227,
            -12.8073403
          ],
          [
            28.2173699,
            -12.8072818
          ],
          [
            28.2174732,
            -12.8071935
          ],
          [
            28.2175838,
            -12.8071111
          ],
          [
            28.2176363,
            -12.8070569
          ],
          [
            28.2176798,
            -12.8069954
          ],
          [
            28.2177614,
            -12.8068575
          ]
        ]
      }
    },
    {
      "type": "Feature",
      "properties": {
        "name": "Chiwala Avenue",
        "highway": "secondary",
        "oneway": "yes",
        "surface": "asphalt"
      },
      "geometry": {
        "type": "LineString",
        "coordinates": [
          [
            28.218555,
            -12.8072016
          ],
          [
            28.2183677,
            -12.8071772
          ],
          [
            28.2182698,
            -12.807172
          ],
          [
            28.2181451,
            -12.8071654
          ],
          [
            28.2180789,
            -12.8071604
          ]
        ]
      }
    },
    {
      "type": "Feature",
      "properties": {
        "name": "Freedom Avenue",
        "highway": "secondary",
        "oneway": "yes"
      },
      "geometry": {
        "type": "LineString",
        "coordinates": [
          [
            28.2208506,
            -12.8028697
          ],
          [
            28.220952,
            -12.802721
          ],
          [
            28.2210303,
            -12.8025918
          ],
          [
            28.2211029,
            -12.8024553
          ],
          [
            28.2213122,
            -12.8020372
          ],
          [
            28.2213825,
            -12.8018442
          ],
          [
            28.2214315,
            -12.8016957
          ],
          [
            28.2214831,
            -12.8015532
          ],
          [
            28.2216057,
            -12.8012294
          ],
          [
            28.2217709,
            -12.8007713
          ],
          [
            28.221973,
            -12.8002235
          ],
          [
            28.2221824,
            -12.7996427
          ],
          [
            28.2224219,
            -12.7989596
          ],
          [
            28.2226799,
            -12.7982736
          ],
          [
            28.2228343,
            -12.7978636
          ],
          [
            28.22292,
            -12.7976114
          ],
          [
            28.2229498,
            -12.7975317
          ],
          [
            28.2230034,
            -12.7973754
          ]
        ]
      }
    },
    {
      "type": "Feature",
      "properties": {
        "name": "Chiwala Avenue",
        "highway": "secondary",
        "oneway": "yes"
      },
      "geometry": {
        "type": "LineString",
        "coordinates": [
          [
            28.2182944,
            -12.8069223
          ],
          [
            28.2183342,
            -12.8070006
          ],
          [
            28.2183664,
            -12.8070543
          ],
          [
            28.2184146,
            -12.807121
          ],
          [
            28.2184535,
            -12.807151
          ],
          [
            28.218555,
            -12.8072016
          ]
        ]
      }
    },
    {
      "type": "Feature",
      "properties": {
        "name": "Unnamed Road",
        "highway": "secondary_link",
        "oneway": "yes"
      },
      "geometry": {
        "type": "LineString",
        "coordinates": [
          [
            28.218727,
            -12.8054848
          ],
          [
            28.2187285,
            -12.8053666
          ],
          [
            28.2187181,
            -12.805249
          ],
          [
            28.2186976,
            -12.8051325
          ]
        ]
      }
    },
    {
      "type": "Feature",
      "properties": {
        "name": "Unnamed Road",
        "highway": "trunk"
      },
      "geometry": {
        "type": "LineString",
        "coordinates": [
          [
            28.2075171,
            -12.7992928
          ],
          [
            28.2075577,
            -12.7992637
          ],
          [
            28.2076057,
            -12.7992492
          ],
          [
            28.207656,
            -12.7992508
          ],
          [
            28.207703,
            -12.7992684
          ],
          [
            28.2077411,
            -12.7992996
          ],
          [
            28.2077669,
            -12.7993412
          ],
          [
            28.2077774,
            -12.7993886
          ],
          [
            28.2077726,
            -12.7994331
          ],
          [
            28.2077544,
            -12.7994742
          ],
          [
            28.2077245,
            -12.7995081
          ],
          [
            28.2076855,
            -12.7995317
          ],
          [
            28.207641,
            -12.7995428
          ],
          [
            28.2076223,
            -12.7995435
          ],
          [
            28.2075774,
            -12.7995358
          ],
          [
            28.207537,
            -12.7995154
          ],
          [
            28.2075045,
            -12.7994842
          ],
          [
            28.2074831,
            -12.799445
          ],
          [
            28.2074745,
            -12.7994014
          ],
          [
            28.2074796,
            -12.7993573
          ],
          [
            28.2074886,
            -12.7993332
          ],
          [
            28.2075171,
            -12.7992928
          ]
        ]
      }
    },
    {
      "type": "Feature",
      "properties": {
        "name": "Independence Avenue",
        "highway": "trunk",
        "surface": "asphalt"
      },
      "geometry": {
        "type": "LineString",
        "coordinates": [
          [
            28.204858204323276,
            -12.795
          ],
          [
            28.2048681,
            -12.7950149
          ],
          [
            28.2049794,
            -12.7951875
          ],
          [
            28.2050639,
            -12.7953419
          ],
          [
            28.205359,
            -12.795814
          ],
          [
            28.2055387,
            -12.7961161
          ],
          [
            28.2057546,
            -12.796447
          ],
          [
            28.205929,
            -12.7967203
          ],
          [
            28.2062387,
            -12.7971819
          ],
          [
            28.2067122,
            -12.7978855
          ],
          [
            28.2070327,
            -12.7983997
          ],
          [
            28.2072144,
            -12.7986911
          ]
        ]
      }
    },
    {
      "type": "Feature",
      "properties": {
        "name": "Independence Avenue",
        "highway": "trunk",
        "oneway": "yes"
      },
      "geometry": {
        "type": "LineString",
        "coordinates": [
          [
            28.2077774,
            -12.7993886
          ],
          [
            28.2078387,
            -12.7995752
          ],
          [
            28.2079064,
            -12.7997452
          ],
          [
            28.2079922,
            -12.7999335
          ],
          [
            28.2081082,
            -12.8001696
          ],
          [
            28.2082461,
            -12.8004218
          ],
          [
            28.2082679,
            -12.8004605
          ],
          [
            28.208307,
            -12.8005315
          ],
          [
            28.2083314,
            -12.8005664
          ]
        ]
      }
    },
    {
      "type": "Feature",
      "properties": {
        "name": "Independence Avenue",
        "highway": "trunk",
        "oneway": "yes"
      },
      "geometry": {
        "type": "LineString",
        "coordinates": [
          [
            28.2081787,
            -12.8007964
          ],
          [
            28.2081464,
            -12.8007698
          ],
          [
            28.2081238,
            -12.800735
          ],
          [
            28.2081127,
            -12.8006952
          ],
          [
            28.2081143,
            -12.8006541
          ],
          [
            28.20812,
            -12.8006335
          ],
          [
            28.2081403,
            -12.800597
          ],
          [
            28.2081708,
            -12.8005681
          ],
          [
            28.2082088,
            -12.8005494
          ],
          [
            28.2082508,
            -12.8005427
          ],
          [
            28.2082929,
            -12.8005485
          ],
          [
            28.2083314,
            -12.8005664
          ],
          [
            28.2083333,
            -12.8005677
          ],
          [
            28.2083685,
            -12.8006026
          ],
          [
            28.2083889,
            -12.8006473
          ],
          [
            28.2083918,
            -12.8006962
          ],
          [
            28.2083912,
            -12.8007007
          ],
          [
            28.2083765,
            -12.8007439
          ],
          [
            28.2083481,
            -12.8007799
          ],
          [
            28.2083092,
            -12.800805
          ],
          [
            28.2082641,
            -12.8008162
          ],
          [
            28.2082176,
            -12.8008125
          ],
          [
            28.2081787,
            -12.8007964
          ]
        ]
      }
    },
    {
      "type": "Feature",
      "properties": {
        "name": "Kuomboka Drive",
        "highway": "secondary"
      },
      "geometry": {
        "type": "LineString",
        "coordinates": [
          [
            28.2087557,
            -12.8004926
          ],
          [
            28.2088205,
            -12.800465
          ],
          [
            28.2089261,
            -12.80042
          ],
          [
            28.2096894,
            -12.800095
          ],
          [
            28.2100381,
            -12.7999204
          ],
          [
            28.2107471,
            -12.7995718
          ],
          [
            28.2134377,
            -12.7984043
          ],
          [
            28.2139528,
            -12.79816
          ],
          [
            28.21444,
            -12.797929
          ],
          [
            28.2148506,
            -12.7977441
          ],
          [
            28.2161083,
            -12.7971749
          ],
          [
            28.2165129,
            -12.7970015
          ],
          [
            28.216926,
            -12.7968301
          ],
          [
            28.217203,
            -12.7967255
          ],
          [
            28.2172925,
            -12.796696
          ],
          [
            28.2175215,
            -12.7966209
          ],
          [
            28.2178339,
            -12.7965307
          ],
          [
            28.2182081,
            -12.7964587
          ],
          [
            28.2186091,
            -12.7963855
          ],
          [
            28.2190409,
            -12.7963253
          ],
          [
            28.2195023,
            -12.7962809
          ],
          [
            28.2199126,
            -12.7962678
          ],
          [
            28.2203255,
            -12.7962673
          ],
          [
            28.2207702,
            -12.7963096
          ],
          [
            28.2212029,
            -12.7963864
          ],
          [
            28.2213581,
            -12.7964218
          ],
          [
            28.2215642,
            -12.7964583
          ],
          [
            28.2215842,
            -12.7964618
          ],
          [
            28.2219583,
            -12.7965369
          ],
          [
            28.2223582,
            -12.7966451
          ],
          [
            28.2227232,
            -12.7967684
          ]
        ]
      }
    },
    {
      "type": "Feature",
      "properties": {
        "name": "Unnamed Road",
        "highway": "trunk_link",
        "oneway": "yes"
      },
      "geometry": {
        "type": "LineString",
        "coordinates": [
          [
            28.2082461,
            -12.8004218
          ],
          [
            28.2083308,
            -12.8004562
          ],
          [
            28.2084014,
            -12.8004883
          ],
          [
            28.2084701,
            -12.8005168
          ],
          [
            28.2085362,
            -12.8005297
          ]
        ]
      }
    },
    {
      "type": "Feature",
      "properties": {
        "name": "Unnamed Road",
        "highway": "secondary",
        "oneway": "yes"
      },
      "geometry": {
        "type": "LineString",
        "coordinates": [
          [
            28.2083333,
            -12.8005677
          ],
          [
            28.20838,
            -12.8005576
          ],
          [
            28.2084243,
            -12.8005482
          ],
          [
            28.2084738,
            -12.8005384
          ],
          [
            28.2085362,
            -12.8005297
          ],
          [
            28.2086057,
            -12.8005186
          ],
          [
            28.2087557,
            -12.8004926
          ]
        ]
      }
    },
    {
      "type": "Feature",
      "properties": {
        "name": "Unnamed Road",
        "highway": "trunk",
        "surface": "asphalt"
      },
      "geometry": {
        "type": "LineString",
        "coordinates": [
          [
            28.209716266666668,
            -12.815
          ],
          [
            28.20972,
            -12.8149972
          ],
          [
            28.2097913,
            -12.8149647
          ],
          [
            28.2098695,
            -12.8149558
          ],
          [
            28.2099465,
            -12.8149715
          ],
          [
            28.209996707253886,
            -12.815
          ]
        ]
      }
    },
    {
      "type": "Feature",
      "properties": {
        "name": "Independence Avenue",
        "highway": "trunk",
        "oneway": "yes",
        "surface": "asphalt"
      },
      "geometry": {
        "type": "LineString",
        "coordinates": [
          [
            28.20972,
            -12.8149972
          ],
          [
            28.2097675,
            -12.8149245
          ],
          [
            28.2097936,
            -12.8148703
          ],
          [
            28.2098242,
            -12.8148024
          ],
          [
            28.2098403,
            -12.8147293
          ],
          [
            28.2098503,
            -12.8146495
          ],
          [
            28.2098641,
            -12.8143606
          ],
          [
            28.2098793,
            -12.8139543
          ],
          [
            28.2098896,
            -12.8136789
          ],
          [
            28.2098996,
            -12.813369
          ],
          [
            28.2099213,
            -12.812693
          ],
          [
            28.2099261,
            -12.8124829
          ],
          [
            28.2099319,
            -12.8122275
          ],
          [
            28.2099157,
            -12.8115633
          ],
          [
            28.2098839,
            -12.810807
          ],
          [
            28.2098292,
            -12.8102912
          ],
          [
            28.2097975,
            -12.8100495
          ],
          [
            28.2097328,
            -12.8095756
          ],
          [
            28.2097056,
            -12.8093837
          ],
          [
            28.2096672,
            -12.8091388
          ],
          [
            28.2096021,
            -12.8088821
          ],
          [
            28.2095516,
            -12.8085998
          ],
          [
            28.2094923,
            -12.8082221
          ],
          [
            28.2094415,
            -12.8077559
          ],
          [
            28.2093919,
            -12.8074081
          ],
          [
            28.2093367,
            -12.8070216
          ],
          [
            28.2092898,
            -12.8066763
          ],
          [
            28.2092443,
            -12.8063364
          ],
          [
            28.2091919,
            -12.80591
          ],
          [
            28.2091508,
            -12.8055262
          ],
          [
            28.2090897,
            -12.805084
          ],
          [
            28.2090752,
            -12.804937
          ],
          [
            28.2090241,
            -12.8045172
          ],
          [
            28.2089853,
            -12.8041824
          ],
          [
            28.2089763,
            -12.8041171
          ],
          [
            28.2088898,
            -12.8036997
          ],
          [
            28.2086759,
            -12.802615
          ],
          [
            28.2085884,
            -12.8021502
          ],
          [
            28.2085736,
            -12.8020624
          ],
          [
            28.2085575,
            -12.8019671
          ],
          [
            28.2085053,
            -12.8016416
          ],
          [
            28.2084502,
            -12.8013917
          ],
          [
            28.208403,
            -12.8012152
          ],
          [
            28.208347,
            -12.8010621
          ],
          [
            28.2082715,
            -12.800911
          ],
          [
            28.2082176,
            -12.8008125
          ]
        ]
      }
    },
    {
      "type": "Feature",
      "properties": {
        "name": "Unnamed Road",
        "highway": "trunk",
        "oneway": "yes"
      },
      "geometry": {
        "type": "LineString",
        "coordinates": [
          [
            28.2072144,
            -12.7986911
          ],
          [
            28.2073116,
            -12.7987729
          ],
          [
            28.207431,
            -12.798937
          ],
          [
            28.2075886,
            -12.799141
          ],
          [
            28.207703,
            -12.7992684
          ]
        ]
      }
    },
    {
      "type": "Feature",
      "properties": {
        "name": "Unnamed Road",
        "highway": "secondary",
        "oneway": "yes"
      },
      "geometry": {
        "type": "LineString",
        "coordinates": [
          [
            28.2068274,
            -12.7997262
          ],
          [
            28.2070268,
            -12.799624
          ],
          [
            28.2071986,
            -12.7995388
          ],
          [
            28.2074261,
            -12.7993985
          ],
          [
            28.2074796,
            -12.7993573
          ]
        ]
      }
    },
    {
      "type": "Feature",
      "properties": {
        "name": "Unnamed Road",
        "highway": "trunk_link",
        "oneway": "yes"
      },
      "geometry": {
        "type": "LineString",
        "coordinates": [
          [
            28.2076966,
            -12.7996709
          ],
          [
            28.2076282,
            -12.7996678
          ],
          [
            28.2074672,
            -12.7996645
          ],
          [
            28.2073422,
            -12.7996741
          ]
        ]
      }
    },
    {
      "type": "Feature",
      "properties": {
        "name": "Unnamed Road",
        "highway": "secondary",
        "oneway": "yes"
      },
      "geometry": {
        "type": "LineString",
        "coordinates": [
          [
            28.2076223,
            -12.7995435
          ],
          [
            28.2075306,
            -12.7995905
          ],
          [
            28.2073422,
            -12.7996741
          ]
        ]
      }
    },
    {
      "type": "Feature",
      "properties": {
        "name": "Unnamed Road",
        "highway": "unclassified"
      },
      "geometry": {
        "type": "LineString",
        "coordinates": [
          [
            28.2070327,
            -12.7983997
          ],
          [
            28.2069301,
            -12.7984328
          ],
          [
            28.2068691,
            -12.7984381
          ],
          [
            28.2068033,
            -12.7984198
          ],
          [
            28.2067578,
            -12.7983747
          ],
          [
            28.2066954,
            -12.7982759
          ],
          [
            28.2066049,
            -12.7981137
          ],
          [
            28.2064024,
            -12.7977744
          ],
          [
            28.2060188,
            -12.7972146
          ],
          [
            28.2056051,
            -12.7965908
          ],
          [
            28.2051806,
            -12.7959173
          ],
          [
            28.2051531,
            -12.7958633
          ],
          [
            28.2048889,
            -12.7954432
          ],
          [
            28.20459980158513,
            -12.795
          ]
        ]
      }
    },
    {
      "type": "Feature",
      "properties": {
        "name": "Unnamed Road",
        "highway": "trunk_link"
      },
      "geometry": {
        "type": "LineString",
        "coordinates": [
          [
            28.2051806,
            -12.7959173
          ],
          [
            28.205359,
            -12.795814
          ]
        ]
      }
    },
    {
      "type": "Feature",
      "properties": {
        "name": "Unnamed Road",
        "highway": "trunk_link"
      },
      "geometry": {
        "type": "LineString",
        "coordinates": [
          [
            28.2048889,
            -12.7954432
          ],
          [
            28.2050639,
            -12.7953419
          ]
        ]
      }
    },
    {
      "type": "Feature",
      "properties": {
        "name": "Unnamed Road",
        "highway": "residential"
      },
      "geometry": {
        "type": "LineString",
        "coordinates": [
          [
            28.2090897,
            -12.805084
          ],
          [
            28.2090034,
            -12.8050495
          ],
          [
            28.2089813,
            -12.805039
          ],
          [
            28.2089692,
            -12.805022
          ],
          [
            28.2089277,
            -12.8047801
          ],
          [
            28.2089049,
            -12.8046127
          ],
          [
            28.2088901,
            -12.8045722
          ],
          [
            28.2088565,
            -12.8045616
          ],
          [
            28.2085991,
            -12.8045865
          ],
          [
            28.2084871,
            -12.8045658
          ],
          [
            28.2084033,
            -12.8045251
          ],
          [
            28.2083275,
            -12.8044533
          ],
          [
            28.2082584,
            -12.8042596
          ],
          [
            28.2082021,
            -12.8040347
          ],
          [
            28.2081981,
            -12.8039405
          ],
          [
            28.2082196,
            -12.8038773
          ],
          [
            28.208245,
            -12.8038503
          ],
          [
            28.2082759,
            -12.8038163
          ],
          [
            28.2083181,
            -12.8037803
          ],
          [
            28.2087001,
            -12.8037043
          ],
          [
            28.2087908,
            -12.8036972
          ],
          [
            28.2088898,
            -12.8036997
          ]
        ]
      }
    },
    {
      "type": "Feature",
      "properties": {
        "name": "Independence Avenue",
        "highway": "trunk",
        "oneway": "yes"
      },
      "geometry": {
        "type": "LineString",
        "coordinates": [
          [
            28.2074886,
            -12.7993332
          ],
          [
            28.2074632,
            -12.7992443
          ],
          [
            28.2074102,
            -12.7991135
          ],
          [
            28.2073385,
            -12.7989749
          ],
          [
            28.2073036,
            -12.7989089
          ],
          [
            28.2072533,
            -12.7987997
          ],
          [
            28.2072144,
            -12.7986911
          ]
        ]
      }
    },
    {
      "type": "Feature",
      "properties": {
        "name": "Unnamed Road",
        "highway": "service",
        "oneway": "yes"
      },
      "geometry": {
        "type": "LineString",
        "coordinates": [
          [
            28.2182499,
            -12.8067578
          ],
          [
            28.2183536,
            -12.8067816
          ],
          [
            28.2185025,
            -12.806813
          ]
        ]
      }
    },
    {
      "type": "Feature",
      "properties": {
        "name": "Unnamed Road",
        "highway": "service",
        "oneway": "yes"
      },
      "geometry": {
        "type": "LineString",
        "coordinates": [
          [
            28.2185025,
            -12.806813
          ],
          [
            28.2184441,
            -12.8068267
          ],
          [
            28.2183925,
            -12.8068378
          ],
          [
            28.2183402,
            -12.8068633
          ],
          [
            28.2182951,
            -12.8068992
          ]
        ]
      }
    },
    {
      "type": "Feature",
      "properties": {
        "name": "Unnamed Road",
        "highway": "service"
      },
      "geometry": {
        "type": "LineString",
        "coordinates": [
          [
            28.2185025,
            -12.806813
          ],
          [
            28.218723,
            -12.8068192
          ],
          [
            28.2188518,
            -12.8068228
          ],
          [
            28.2191427,
            -12.806836
          ],
          [
            28.2193065,
            -12.8068441
          ],
          [
            28.2194657,
            -12.806851
          ],
          [
            28.2196296,
            -12.8068585
          ],
          [
            28.2198032,
            -12.8068653
          ],
          [
            28.2199679,
            -12.8068646
          ],
          [
            28.2201329,
            -12.8068597
          ],
          [
            28.2202997,
            -12.8068653
          ],
          [
            28.2204544,
            -12.8068703
          ],
          [
            28.22064,
            -12.8068763
          ],
          [
            28.2208015,
            -12.8068814
          ],
          [
            28.22097,
            -12.8068868
          ],
          [
            28.2211263,
            -12.8068918
          ],
          [
            28.2212966,
            -12.8068973
          ],
          [
            28.2214822,
            -12.8069032
          ],
          [
            28.2216281,
            -12.8069079
          ],
          [
            28.2217845,
            -12.8069129
          ],
          [
            28.2219497,
            -12.8069182
          ],
          [
            28.2221301,
            -12.8069239
          ],
          [
            28.2223244,
            -12.8069347
          ]
        ]
      }
    },
    {
      "type": "Feature",
      "properties": {
        "name": "Unnamed Road",
        "highway": "service"
      },
      "geometry": {
        "type": "LineString",
        "coordinates": [
          [
            28.2205308,
            -12.807366
          ],
          [
            28.2205313,
            -12.8073198
          ],
          [
            28.2205365,
            -12.8071903
          ],
          [
            28.2205383,
            -12.8071548
          ]
        ]
      }
    },
    {
      "type": "Feature",
      "properties": {
        "name": "Unnamed Road",
        "highway": "service"
      },
      "geometry": {
        "type": "LineString",
        "coordinates": [
          [
            28.219959,
            -12.8071135
          ],
          [
            28.2198005,
            -12.8071031
          ],
          [
            28.2196258,
            -12.8070927
          ],
          [
            28.2194563,
            -12.8070891
          ],
          [
            28.2193039,
            -12.8070842
          ],
          [
            28.2191426,
            -12.8070759
          ],
          [
            28.2188755,
            -12.8070722
          ],
          [
            28.2188547,
            -12.8070628
          ],
          [
            28.2188457,
            -12.8070398
          ],
          [
            28.2188518,
            -12.8068228
          ]
        ]
      }
    },
    {
      "type": "Feature",
      "properties": {
        "name": "Unnamed Road",
        "highway": "service"
      },
      "geometry": {
        "type": "LineString",
        "coordinates": [
          [
            28.2211197,
            -12.8071446
          ],
          [
            28.2212927,
            -12.8071514
          ],
          [
            28.2214768,
            -12.8071587
          ],
          [
            28.2216244,
            -12.8071645
          ],
          [
            28.2217843,
            -12.8071708
          ],
          [
            28.2219427,
            -12.807177
          ],
          [
            28.2220299,
            -12.8071805
          ],
          [
            28.222122,
            -12.8070958
          ],
          [
            28.2221301,
            -12.8069239
          ]
        ]
      }
    },
    {
      "type": "Feature",
      "properties": {
        "name": "Unnamed Road",
        "highway": "service"
      },
      "geometry": {
        "type": "LineString",
        "coordinates": [
          [
            28.2191427,
            -12.806836
          ],
          [
            28.2191426,
            -12.8070759
          ]
        ]
      }
    },
    {
      "type": "Feature",
      "properties": {
        "name": "Unnamed Road",
        "highway": "service"
      },
      "geometry": {
        "type": "LineString",
        "coordinates": [
          [
            28.2193065,
            -12.8068441
          ],
          [
            28.2193039,
            -12.8070842
          ]
        ]
      }
    },
    {
      "type": "Feature",
      "properties": {
        "name": "Unnamed Road",
        "highway": "service"
      },
      "geometry": {
        "type": "LineString",
        "coordinates": [
          [
            28.2194657,
            -12.806851
          ],
          [
            28.2194563,
            -12.8070891
          ]
        ]
      }
    },
    {
      "type": "Feature",
      "properties": {
        "name": "Unnamed Road",
        "highway": "service"
      },
      "geometry": {
        "type": "LineString",
        "coordinates": [
          [
            28.2196296,
            -12.8068585
          ],
          [
            28.2196258,
            -12.8070927
          ]
        ]
      }
    },
    {
      "type": "Feature",
      "properties": {
        "name": "Unnamed Road",
        "highway": "service"
      },
      "geometry": {
        "type": "LineString",
        "coordinates": [
          [
            28.2198032,
            -12.8068653
          ],
          [
            28.2198005,
            -12.8071031
          ]
        ]
      }
    },
    {
      "type": "Feature",
      "properties": {
        "name": "Unnamed Road",
        "highway": "service"
      },
      "geometry": {
        "type": "LineString",
        "coordinates": [
          [
            28.2199679,
            -12.8068646
          ],
          [
            28.2199603,
            -12.8070509
          ],
          [
            28.219959,
            -12.8071135
          ]
        ]
      }
    },
    {
      "type": "Feature",
      "properties": {
        "name": "Unnamed Road",
        "highway": "service"
      },
      "geometry": {
        "type": "LineString",
        "coordinates": [
          [
            28.2201329,
            -12.8068597
          ],
          [
            28.2201294,
            -12.8070645
          ]
        ]
      }
    },
    {
      "type": "Feature",
      "properties": {
        "name": "Unnamed Road",
        "highway": "service"
      },
      "geometry": {
        "type": "LineString",
        "coordinates": [
          [
            28.2199603,
            -12.8070509
          ],
          [
            28.2201294,
            -12.8070645
          ],
          [
            28.2202944,
            -12.8070803
          ],
          [
            28.2205048,
            -12.8070987
          ],
          [
            28.2206347,
            -12.807098
          ],
          [
            28.220798,
            -12.8071047
          ],
          [
            28.2209664,
            -12.807108
          ],
          [
            28.2211211,
            -12.8070929
          ]
        ]
      }
    },
    {
      "type": "Feature",
      "properties": {
        "name": "Unnamed Road",
        "highway": "service"
      },
      "geometry": {
        "type": "LineString",
        "coordinates": [
          [
            28.22064,
            -12.8068763
          ],
          [
            28.2206347,
            -12.807098
          ]
        ]
      }
    },
    {
      "type": "Feature",
      "properties": {
        "name": "Unnamed Road",
        "highway": "service"
      },
      "geometry": {
        "type": "LineString",
        "coordinates": [
          [
            28.2208015,
            -12.8068814
          ],
          [
            28.220798,
            -12.8071047
          ]
        ]
      }
    },
    {
      "type": "Feature",
      "properties": {
        "name": "Unnamed Road",
        "highway": "service"
      },
      "geometry": {
        "type": "LineString",
        "coordinates": [
          [
            28.2211197,
            -12.8071446
          ],
          [
            28.2211211,
            -12.8070929
          ],
          [
            28.2211263,
            -12.8068918
          ]
        ]
      }
    },
    {
      "type": "Feature",
      "properties": {
        "name": "Unnamed Road",
        "highway": "service"
      },
      "geometry": {
        "type": "LineString",
        "coordinates": [
          [
            28.22097,
            -12.8068868
          ],
          [
            28.2209664,
            -12.807108
          ]
        ]
      }
    },
    {
      "type": "Feature",
      "properties": {
        "name": "Unnamed Road",
        "highway": "service"
      },
      "geometry": {
        "type": "LineString",
        "coordinates": [
          [
            28.2212966,
            -12.8068973
          ],
          [
            28.2212927,
            -12.8071514
          ]
        ]
      }
    },
    {
      "type": "Feature",
      "properties": {
        "name": "Unnamed Road",
        "highway": "service"
      },
      "geometry": {
        "type": "LineString",
        "coordinates": [
          [
            28.2214822,
            -12.8069032
          ],
          [
            28.2214768,
            -12.8071587
          ]
        ]
      }
    },
    {
      "type": "Feature",
      "properties": {
        "name": "Unnamed Road",
        "highway": "service"
      },
      "geometry": {
        "type": "LineString",
        "coordinates": [
          [
            28.2216281,
            -12.8069079
          ],
          [
            28.2216244,
            -12.8071645
          ]
        ]
      }
    },
    {
      "type": "Feature",
      "properties": {
        "name": "Unnamed Road",
        "highway": "service"
      },
      "geometry": {
        "type": "LineString",
        "coordinates": [
          [
            28.2217845,
            -12.8069129
          ],
          [
            28.2217843,
            -12.8071708
          ]
        ]
      }
    },
    {
      "type": "Feature",
      "properties": {
        "name": "Unnamed Road",
        "highway": "service"
      },
      "geometry": {
        "type": "LineString",
        "coordinates": [
          [
            28.2219497,
            -12.8069182
          ],
          [
            28.2219427,
            -12.807177
          ]
        ]
      }
    },
    {
      "type": "Feature",
      "properties": {
        "name": "Unnamed Road",
        "highway": "service"
      },
      "geometry": {
        "type": "LineString",
        "coordinates": [
          [
            28.2215314,
            -12.8104413
          ],
          [
            28.2214126,
            -12.8102958
          ]
        ]
      }
    },
    {
      "type": "Feature",
      "properties": {
        "name": "Unnamed Road",
        "highway": "service",
        "oneway": "yes"
      },
      "geometry": {
        "type": "LineString",
        "coordinates": [
          [
            28.2214126,
            -12.8102958
          ],
          [
            28.2211589,
            -12.8103295
          ],
          [
            28.2211442,
            -12.8103291
          ],
          [
            28.2211354,
            -12.8103252
          ],
          [
            28.2211012,
            -12.8102866
          ],
          [
            28.2210988,
            -12.8102737
          ],
          [
            28.2211042,
            -12.8102579
          ],
          [
            28.2212645,
            -12.810135
          ],
          [
            28.2212777,
            -12.8101324
          ],
          [
            28.2212903,
            -12.8101389
          ],
          [
            28.2214126,
            -12.8102958
          ]
        ]
      }
    },
    {
      "type": "Feature",
      "properties": {
        "name": "Kambwili Drive",
        "highway": "unclassified"
      },
      "geometry": {
        "type": "LineString",
        "coordinates": [
          [
            28.220965109058294,
            -12.795
          ],
          [
            28.2210553,
            -12.7951901
          ],
          [
            28.2212422,
            -12.7955986
          ],
          [
            28.2212605,
            -12.7956884
          ],
          [
            28.2212645,
            -12.7957747
          ],
          [
            28.2212029,
            -12.7963864
          ]
        ]
      }
    },
    {
      "type": "Feature",
      "properties": {
        "name": "Munali Road (Bartok Crescent)",
        "highway": "residential"
      },
      "geometry": {
        "type": "LineString",
        "coordinates": [
          [
            28.223769,
            -12.7956025
          ],
          [
            28.2233313,
            -12.7950078
          ],
          [
            28.22332541223968,
            -12.795
          ]
        ]
      }
    },
    {
      "type": "Feature",
      "properties": {
        "name": "Andrews Drive",
        "highway": "residential"
      },
      "geometry": {
        "type": "LineString",
        "coordinates": [
          [
            28.2213122,
            -12.8020372
          ],
          [
            28.2214067,
            -12.8020782
          ],
          [
            28.2227903,
            -12.8025367
          ],
          [
            28.2230407,
            -12.8026197
          ],
          [
            28.2231416,
            -12.8026531
          ]
        ]
      }
    },
    {
      "type": "Feature",
      "properties": {
        "name": "Unnamed Road",
        "highway": "service"
      },
      "geometry": {
        "type": "LineString",
        "coordinates": [
          [
            28.2231416,
            -12.8026531
          ],
          [
            28.2232837,
            -12.8026974
          ]
        ]
      }
    },
    {
      "type": "Feature",
      "properties": {
        "name": "Wimbledon Court",
        "highway": "residential"
      },
      "geometry": {
        "type": "LineString",
        "coordinates": [
          [
            28.2222742,
            -12.7996748
          ],
          [
            28.2222968,
            -12.7996832
          ],
          [
            28.2230924,
            -12.7999629
          ],
          [
            28.2235108,
            -12.8001067
          ],
          [
            28.2237761,
            -12.8002004
          ]
        ]
      }
    },
    {
      "type": "Feature",
      "properties": {
        "name": "Unnamed Road",
        "highway": "residential"
      },
      "geometry": {
        "type": "LineString",
        "coordinates": [
          [
            28.225,
            -12.798914325284148
          ],
          [
            28.2246057,
            -12.7985569
          ],
          [
            28.2245408,
            -12.7985198
          ],
          [
            28.2244595,
            -12.7985031
          ],
          [
            28.2243611,
            -12.7985133
          ],
          [
            28.2242665,
            -12.7985569
          ],
          [
            28.2240569,
            -12.7987828
          ],
          [
            28.2240191,
            -12.7988585
          ],
          [
            28.2239977,
            -12.7989749
          ],
          [
            28.2239911,
            -12.7990829
          ],
          [
            28.2239955,
            -12.7993404
          ],
          [
            28.2240084,
            -12.7996301
          ]
        ]
      }
    },
    {
      "type": "Feature",
      "properties": {
        "name": "Unnamed Road",
        "highway": "residential"
      },
      "geometry": {
        "type": "LineString",
        "coordinates": [
          [
            28.2249156,
            -12.8022522
          ],
          [
            28.2244744,
            -12.8020011
          ],
          [
            28.2241767,
            -12.8018592
          ],
          [
            28.2241313,
            -12.8018337
          ],
          [
            28.224121,
            -12.801818
          ],
          [
            28.2241172,
            -12.8017995
          ],
          [
            28.2241182,
            -12.8017781
          ],
          [
            28.2241444,
            -12.8016992
          ],
          [
            28.2242135,
            -12.8015058
          ],
          [
            28.2243175,
            -12.8012034
          ],
          [
            28.2244009,
            -12.800952
          ]
        ]
      }
    },
    {
      "type": "Feature",
      "properties": {
        "name": "Winchester Drive",
        "highway": "residential"
      },
      "geometry": {
        "type": "LineString",
        "coordinates": [
          [
            28.2116578,
            -12.8006691
          ],
          [
            28.2128413,
            -12.8001291
          ],
          [
            28.213988,
            -12.7996236
          ]
        ]
      }
    },
    {
      "type": "Feature",
      "properties": {
        "name": "Unnamed Road",
        "highway": "residential"
      },
      "geometry": {
        "type": "LineString",
        "coordinates": [
          [
            28.2245292,
            -12.8030708
          ],
          [
            28.2239574,
            -12.8028171
          ]
        ]
      }
    },
    {
      "type": "Feature",
      "properties": {
        "name": "Unnamed Road",
        "highway": "path"
      },
      "geometry": {
        "type": "LineString",
        "coordinates": [
          [
            28.2244009,
            -12.800952
          ],
          [
            28.2243775,
            -12.8009157
          ],
          [
            28.224406,
            -12.8007672
          ],
          [
            28.2244612,
            -12.8005876
          ]
        ]
      }
    },
    {
      "type": "Feature",
      "properties": {
        "name": "Unnamed Road",
        "highway": "tertiary",
        "oneway": "yes"
      },
      "geometry": {
        "type": "LineString",
        "coordinates": [
          [
            28.2188725,
            -12.8053077
          ],
          [
            28.2188056,
            -12.8052574
          ],
          [
            28.218764,
            -12.8052234
          ],
          [
            28.2187409,
            -12.8051992
          ],
          [
            28.2187177,
            -12.8051659
          ],
          [
            28.2186976,
            -12.8051325
          ]
        ]
      }
    },
    {
      "type": "Feature",
      "properties": {
        "name": "Unnamed Road",
        "highway": "residential"
      },
      "geometry": {
        "type": "LineString",
        "coordinates": [
          [
            28.2215139,
            -12.8032173
          ],
          [
            28.2212993,
            -12.8038477
          ]
        ]
      }
    },
    {
      "type": "Feature",
      "properties": {
        "name": "Richmond Gardens Road",
        "highway": "residential",
        "surface": "compacted"
      },
      "geometry": {
        "type": "LineString",
        "coordinates": [
          [
            28.208083,
            -12.8079736
          ],
          [
            28.2077772,
            -12.8064686
          ],
          [
            28.2076176,
            -12.8057337
          ]
        ]
      }
    },
    {
      "type": "Feature",
      "properties": {
        "name": "Unnamed Road",
        "highway": "residential"
      },
      "geometry": {
        "type": "LineString",
        "coordinates": [
          [
            28.2047478,
            -12.8064476
          ],
          [
            28.2048118,
            -12.8072347
          ],
          [
            28.2048239,
            -12.8074035
          ],
          [
            28.2048408,
            -12.8080684
          ]
        ]
      }
    },
    {
      "type": "Feature",
      "properties": {
        "name": "Independence Avenue",
        "highway": "trunk",
        "oneway": "yes"
      },
      "geometry": {
        "type": "LineString",
        "coordinates": [
          [
            28.20812,
            -12.8006335
          ],
          [
            28.2080696,
            -12.8004661
          ],
          [
            28.2080514,
            -12.8004039
          ],
          [
            28.2080352,
            -12.8003487
          ],
          [
            28.2080147,
            -12.8002938
          ],
          [
            28.2079908,
            -12.80023
          ],
          [
            28.2079428,
            -12.8001194
          ],
          [
            28.207889,
            -12.7999878
          ],
          [
            28.2078179,
            -12.7998492
          ],
          [
            28.2077469,
            -12.7997413
          ],
          [
            28.2076966,
            -12.7996709
          ],
          [
            28.207641,
            -12.7995428
          ]
        ]
      }
    },
    {
      "type": "Feature",
      "properties": {
        "name": "Unnamed Road",
        "highway": "service"
      },
      "geometry": {
        "type": "LineString",
        "coordinates": [
          [
            28.2118825,
            -12.8137294
          ],
          [
            28.2118764,
            -12.8138953
          ],
          [
            28.2118727,
            -12.8139237
          ],
          [
            28.2118633,
            -12.8139433
          ],
          [
            28.2117976,
            -12.8140427
          ],
          [
            28.2117363,
            -12.8141421
          ],
          [
            28.2117292,
            -12.8141532
          ],
          [
            28.2117259,
            -12.8141702
          ],
          [
            28.2117212,
            -12.8143056
          ]
        ]
      }
    },
    {
      "type": "Feature",
      "properties": {
        "name": "Unnamed Road",
        "highway": "residential"
      },
      "geometry": {
        "type": "LineString",
        "coordinates": [
          [
            28.2181515,
            -12.810321
          ],
          [
            28.2185715,
            -12.8103988
          ],
          [
            28.2186312,
            -12.8104269
          ],
          [
            28.2186587,
            -12.8104648
          ],
          [
            28.2186708,
            -12.8105302
          ],
          [
            28.2186748,
            -12.8106721
          ]
        ]
      }
    },
    {
      "type": "Feature",
      "properties": {
        "name": "Unnamed Road",
        "highway": "residential"
      },
      "geometry": {
        "type": "LineString",
        "coordinates": [
          [
            28.2198229,
            -12.8103202
          ],
          [
            28.2195794,
            -12.810506
          ],
          [
            28.2194822,
            -12.8105714
          ],
          [
            28.219342,
            -12.8106414
          ],
          [
            28.2192703,
            -12.8106728
          ],
          [
            28.219175,
            -12.8106937
          ],
          [
            28.2190812,
            -12.8106924
          ],
          [
            28.2188371,
            -12.8106701
          ],
          [
            28.2186748,
            -12.8106721
          ],
          [
            28.2185099,
            -12.8106924
          ],
          [
            28.2181359,
            -12.8107291
          ]
        ]
      }
    },
    {
      "type": "Feature",
      "properties": {
        "name": "Unnamed Road",
        "highway": "residential"
      },
      "geometry": {
        "type": "LineString",
        "coordinates": [
          [
            28.2235108,
            -12.8001067
          ],
          [
            28.2237764,
            -12.7998616
          ]
        ]
      }
    },
    {
      "type": "Feature",
      "properties": {
        "name": "Unnamed Road",
        "highway": "residential"
      },
      "geometry": {
        "type": "LineString",
        "coordinates": [
          [
            28.2240084,
            -12.7996301
          ],
          [
            28.2239185,
            -12.799717
          ],
          [
            28.2237764,
            -12.7998616
          ]
        ]
      }
    },
    {
      "type": "Feature",
      "properties": {
        "name": "Swinburne Close",
        "highway": "residential"
      },
      "geometry": {
        "type": "LineString",
        "coordinates": [
          [
            28.2224219,
            -12.7989596
          ],
          [
            28.2213148,
            -12.798571
          ]
        ]
      }
    },
    {
      "type": "Feature",
      "properties": {
        "name": "Shelly Court",
        "highway": "residential"
      },
      "geometry": {
        "type": "LineString",
        "coordinates": [
          [
            28.2207702,
            -12.7963096
          ],
          [
            28.2208259,
            -12.7964613
          ],
          [
            28.2208742,
            -12.7965607
          ],
          [
            28.2210392,
            -12.7968563
          ],
          [
            28.2211559,
            -12.7970067
          ],
          [
            28.2212363,
            -12.7970734
          ],
          [
            28.2212873,
            -12.7970904
          ],
          [
            28.2213342,
            -12.7970904
          ]
        ]
      }
    },
    {
      "type": "Feature",
      "properties": {
        "name": "Unnamed Road",
        "highway": "residential"
      },
      "geometry": {
        "type": "LineString",
        "coordinates": [
          [
            28.2237764,
            -12.7998616
          ],
          [
            28.2239078,
            -12.7999904
          ],
          [
            28.2241324,
            -12.8001846
          ],
          [
            28.2244067,
            -12.8003867
          ],
          [
            28.2246508,
            -12.8004494
          ],
          [
            28.2248808,
            -12.8004422
          ],
          [
            28.225,
            -12.800406512830957
          ]
        ]
      }
    },
    {
      "type": "Feature",
      "properties": {
        "name": "Unnamed Road",
        "highway": "residential"
      },
      "geometry": {
        "type": "LineString",
        "coordinates": [
          [
            28.2213342,
            -12.7970904
          ],
          [
            28.2213651,
            -12.7970564
          ],
          [
            28.221404,
            -12.7969779
          ],
          [
            28.2214549,
            -12.7968262
          ],
          [
            28.2215642,
            -12.7964583
          ]
        ]
      }
    },
    {
      "type": "Feature",
      "properties": {
        "name": "Lubambe Street",
        "highway": "unclassified",
        "surface": "asphalt"
      },
      "geometry": {
        "type": "LineString",
        "coordinates": [
          [
            28.225,
            -12.798409737848475
          ],
          [
            28.2249404,
            -12.7984727
          ],
          [
            28.2249109,
            -12.7985198
          ],
          [
            28.2249002,
            -12.798563
          ],
          [
            28.224927,
            -12.7986637
          ],
          [
            28.225,
            -12.798729950974995
          ]
        ]
      }
    },
    {
      "type": "Feature",
      "properties": {
        "name": "Freedom Avenue",
        "highway": "secondary",
        "oneway": "yes"
      },
      "geometry": {
        "type": "LineString",
        "coordinates": [
          [
            28.2230969,
            -12.7974202
          ],
          [
            28.2228439,
            -12.7981153
          ],
          [
            28.2226459,
            -12.7986574
          ],
          [
            28.2222742,
            -12.7996748
          ],
          [
            28.222155,
            -12.800012
          ],
          [
            28.2220694,
            -12.8002553
          ],
          [
            28.2218773,
            -12.8008003
          ]
        ]
      }
    },
    {
      "type": "Feature",
      "properties": {
        "name": "Unnamed Road",
        "highway": "secondary",
        "oneway": "yes"
      },
      "geometry": {
        "type": "LineString",
        "coordinates": [
          [
            28.2232863,
            -12.7971606
          ],
          [
            28.2232443,
            -12.7972022
          ],
          [
            28.2231933,
            -12.7972506
          ],
          [
            28.2231598,
            -12.7972964
          ],
          [
            28.2230969,
            -12.7974202
          ]
        ]
      }
    },
    {
      "type": "Feature",
      "properties": {
        "name": "Unnamed Road",
        "highway": "secondary",
        "oneway": "yes"
      },
      "geometry": {
        "type": "LineString",
        "coordinates": [
          [
            28.2230034,
            -12.7973754
          ],
          [
            28.2230186,
            -12.7972898
          ],
          [
            28.2230314,
            -12.7972009
          ],
          [
            28.2230334,
            -12.7971133
          ],
          [
            28.2230232,
            -12.797027
          ]
        ]
      }
    },
    {
      "type": "Feature",
      "properties": {
        "name": "Unnamed Road",
        "highway": "secondary",
        "oneway": "yes"
      },
      "geometry": {
        "type": "LineString",
        "coordinates": [
          [
            28.2227232,
            -12.7967684
          ],
          [
            28.2227893,
            -12.7967818
          ],
          [
            28.2228792,
            -12.7967922
          ],
          [
            28.2229563,
            -12.7967857
          ],
          [
            28.2230435,
            -12.7967602
          ],
          [
            28.2231094,
            -12.7967252
          ]
        ]
      }
    },
    {
      "type": "Feature",
      "properties": {
        "name": "Unnamed Road",
        "highway": "secondary",
        "oneway": "yes"
      },
      "geometry": {
        "type": "LineString",
        "coordinates": [
          [
            28.2230103,
            -12.7969941
          ],
          [
            28.2229456,
            -12.7969328
          ],
          [
            28.2228825,
            -12.7968792
          ],
          [
            28.2228054,
            -12.7968184
          ],
          [
            28.2227232,
            -12.7967684
          ]
        ]
      }
    },
    {
      "type": "Feature",
      "properties": {
        "name": "Unnamed Road",
        "highway": "residential"
      },
      "geometry": {
        "type": "LineString",
        "coordinates": [
          [
            28.2240084,
            -12.7996301
          ],
          [
            28.2240607,
            -12.7996837
          ],
          [
            28.2241961,
            -12.7998197
          ],
          [
            28.2245207,
            -12.8001205
          ],
          [
            28.2245703,
            -12.8001545
          ],
          [
            28.2246159,
            -12.8001702
          ],
          [
            28.225,
            -12.800156070720796
          ]
        ]
      }
    },
    {
      "type": "Feature",
      "properties": {
        "name": "Accra Road",
        "highway": "unclassified",
        "bridge": "yes"
      },
      "geometry": {
        "type": "LineString",
        "coordinates": [
          [
            28.2030578,
            -12.8100629
          ],
          [
            28.2030391,
            -12.8102898
          ]
        ]
      }
    },
    {
      "type": "Feature",
      "properties": {
        "name": "Accra Road",
        "highway": "unclassified"
      },
      "geometry": {
        "type": "LineString",
        "coordinates": [
          [
            28.2013094,
            -12.8022295
          ],
          [
            28.2015502,
            -12.8027256
          ],
          [
            28.201871,
            -12.8033862
          ],
          [
            28.2023895,
            -12.8044887
          ],
          [
            28.2027438,
            -12.8052404
          ],
          [
            28.2028015,
            -12.805379
          ],
          [
            28.2028685,
            -12.8055464
          ],
          [
            28.2029209,
            -12.805689
          ],
          [
            28.2029732,
            -12.8058511
          ],
          [
            28.2030267,
            -12.8060298
          ],
          [
            28.2030979,
            -12.8063272
          ],
          [
            28.2031663,
            -12.8066917
          ],
          [
            28.2032092,
            -12.8069823
          ],
          [
            28.2032347,
            -12.807308
          ],
          [
            28.2032414,
            -12.8074165
          ],
          [
            28.2032494,
            -12.8075891
          ],
          [
            28.2032464,
            -12.8080887
          ],
          [
            28.2031623,
            -12.8090473
          ],
          [
            28.2030578,
            -12.8100629
          ]
        ]
      }
    },
    {
      "type": "Feature",
      "properties": {
        "name": "Miseshi Street",
        "highway": "unclassified"
      },
      "geometry": {
        "type": "LineString",
        "coordinates": [
          [
            28.202108700442945,
            -12.795
          ],
          [
            28.2022845,
            -12.7958343
          ],
          [
            28.2023402,
            -12.7961475
          ],
          [
            28.2023616,
            -12.7963201
          ],
          [
            28.2023623,
            -12.7964659
          ],
          [
            28.2023334,
            -12.7966026
          ],
          [
            28.2022872,
            -12.7967307
          ],
          [
            28.2021674,
            -12.796909
          ],
          [
            28.2020981,
            -12.7969773
          ],
          [
            28.2019807,
            -12.7970649
          ],
          [
            28.2018399,
            -12.7971277
          ],
          [
            28.2016716,
            -12.7971989
          ],
          [
            28.2014403,
            -12.7972866
          ],
          [
            28.2011385,
            -12.7973533
          ],
          [
            28.2004476,
            -12.7974625
          ],
          [
            28.2,
            -12.797522572162485
          ]
        ]
      }
    },
    {
      "type": "Feature",
      "properties": {
        "name": "Freedom Avenue",
        "highway": "secondary",
        "oneway": "yes"
      },
      "geometry": {
        "type": "LineString",
        "coordinates": [
          [
            28.2218773,
            -12.8008003
          ],
          [
            28.2217024,
            -12.801308
          ],
          [
            28.2215828,
            -12.8015778
          ],
          [
            28.2215488,
            -12.8016578
          ],
          [
            28.2214067,
            -12.8020782
          ],
          [
            28.2213242,
            -12.8022253
          ],
          [
            28.2212753,
            -12.8023248
          ],
          [
            28.2211719,
            -12.8025086
          ],
          [
            28.2209174,
            -12.8028989
          ],
          [
            28.2207829,
            -12.8030103
          ]
        ]
      }
    },
    {
      "type": "Feature",
      "properties": {
        "name": "Monmouth Close",
        "highway": "residential"
      },
      "geometry": {
        "type": "LineString",
        "coordinates": [
          [
            28.2243522,
            -12.8075305
          ],
          [
            28.2243383,
            -12.8081331
          ],
          [
            28.224339,
            -12.8081802
          ],
          [
            28.2243484,
            -12.8082253
          ],
          [
            28.2243705,
            -12.80826
          ],
          [
            28.2243939,
            -12.8082718
          ],
          [
            28.2244255,
            -12.8082763
          ],
          [
            28.2244725,
            -12.8082627
          ]
        ]
      }
    },
    {
      "type": "Feature",
      "properties": {
        "name": "Unnamed Road",
        "highway": "residential"
      },
      "geometry": {
        "type": "LineString",
        "coordinates": [
          [
            28.225,
            -12.797814069948059
          ],
          [
            28.2246917,
            -12.7975972
          ],
          [
            28.2246742,
            -12.7975926
          ],
          [
            28.2246595,
            -12.7975926
          ],
          [
            28.2245427,
            -12.7976405
          ]
        ]
      }
    },
    {
      "type": "Feature",
      "properties": {
        "name": "Unnamed Road",
        "highway": "residential"
      },
      "geometry": {
        "type": "LineString",
        "coordinates": [
          [
            28.2197691,
            -12.7977181
          ],
          [
            28.2198134,
            -12.7978201
          ],
          [
            28.2198121,
            -12.7978986
          ],
          [
            28.2197779,
            -12.7980008
          ],
          [
            28.2192668,
            -12.7992988
          ]
        ]
      }
    },
    {
      "type": "Feature",
      "properties": {
        "name": "Madzimoyo Road",
        "highway": "residential",
        "surface": "unpaved"
      },
      "geometry": {
        "type": "LineString",
        "coordinates": [
          [
            28.215871,
            -12.7987832
          ],
          [
            28.2177749,
            -12.797913
          ]
        ]
      }
    },
    {
      "type": "Feature",
      "properties": {
        "name": "Unnamed Road",
        "highway": "residential"
      },
      "geometry": {
        "type": "LineString",
        "coordinates": [
          [
            28.2101983,
            -12.7957396
          ],
          [
            28.2100589,
            -12.7957749
          ],
          [
            28.2098316,
            -12.7958493
          ]
        ]
      }
    },
    {
      "type": "Feature",
      "properties": {
        "name": "Unnamed Road",
        "highway": "residential"
      },
      "geometry": {
        "type": "LineString",
        "coordinates": [
          [
            28.210933814285713,
            -12.795
          ],
          [
            28.2109451,
            -12.7950395
          ]
        ]
      }
    },
    {
      "type": "Feature",
      "properties": {
        "name": "Lister Avenue",
        "highway": "residential"
      },
      "geometry": {
        "type": "LineString",
        "coordinates": [
          [
            28.2107422,
            -12.8058721
          ],
          [
            28.2107073,
            -12.8057988
          ],
          [
            28.2104854,
            -12.8039412
          ]
        ]
      }
    },
    {
      "type": "Feature",
      "properties": {
        "name": "Unnamed Road",
        "highway": "secondary",
        "oneway": "yes"
      },
      "geometry": {
        "type": "LineString",
        "coordinates": [
          [
            28.2073422,
            -12.7996741
          ],
          [
            28.2072079,
            -12.799702
          ],
          [
            28.2070022,
            -12.7997231
          ],
          [
            28.2068274,
            -12.7997262
          ]
        ]
      }
    },
    {
      "type": "Feature",
      "properties": {
        "name": "Unnamed Road",
        "highway": "residential"
      },
      "geometry": {
        "type": "LineString",
        "coordinates": [
          [
            28.2037134,
            -12.8021149
          ],
          [
            28.2043143,
            -12.801869
          ],
          [
            28.2050948,
            -12.8015185
          ],
          [
            28.2053952,
            -12.8014021
          ]
        ]
      }
    },
    {
      "type": "Feature",
      "properties": {
        "name": "Unnamed Road",
        "highway": "residential"
      },
      "geometry": {
        "type": "LineString",
        "coordinates": [
          [
            28.2048239,
            -12.8074035
          ],
          [
            28.2052128,
            -12.8073851
          ],
          [
            28.2058136,
            -12.8073472
          ],
          [
            28.2059987,
            -12.807342
          ],
          [
            28.2060792,
            -12.8073498
          ],
          [
            28.2061355,
            -12.8073563
          ],
          [
            28.206165,
            -12.8073642
          ],
          [
            28.2061905,
            -12.8073825
          ],
          [
            28.2062106,
            -12.80741
          ],
          [
            28.2062468,
            -12.8075172
          ]
        ]
      }
    },
    {
      "type": "Feature",
      "properties": {
        "name": "Unnamed Road",
        "highway": "service"
      },
      "geometry": {
        "type": "LineString",
        "coordinates": [
          [
            28.2097387,
            -12.796938
          ],
          [
            28.2099854,
            -12.7968966
          ],
          [
            28.2100992,
            -12.7968782
          ],
          [
            28.2102103,
            -12.7968731
          ],
          [
            28.2106808,
            -12.7968454
          ],
          [
            28.2108291,
            -12.7968546
          ],
          [
            28.2108816,
            -12.7968756
          ],
          [
            28.2109419,
            -12.7969185
          ]
        ]
      }
    },
    {
      "type": "Feature",
      "properties": {
        "name": "Unnamed Road",
        "highway": "service"
      },
      "geometry": {
        "type": "LineString",
        "coordinates": [
          [
            28.2108042,
            -12.7981841
          ],
          [
            28.2108472,
            -12.798225
          ],
          [
            28.2109498,
            -12.7982648
          ],
          [
            28.2115159,
            -12.7984811
          ],
          [
            28.2118932,
            -12.7985801
          ],
          [
            28.2120047,
            -12.7985844
          ],
          [
            28.2121735,
            -12.7985779
          ],
          [
            28.2122463,
            -12.7985586
          ],
          [
            28.2123158,
            -12.7985252
          ],
          [
            28.2124681,
            -12.798452
          ],
          [
            28.2125796,
            -12.7984133
          ],
          [
            28.2129249,
            -12.7982949
          ],
          [
            28.213214,
            -12.7981766
          ],
          [
            28.2136024,
            -12.7980302
          ],
          [
            28.2141773,
            -12.7977774
          ],
          [
            28.2142145,
            -12.7977707
          ],
          [
            28.2142418,
            -12.7977771
          ]
        ]
      }
    },
    {
      "type": "Feature",
      "properties": {
        "name": "Unnamed Road",
        "highway": "service"
      },
      "geometry": {
        "type": "LineString",
        "coordinates": [
          [
            28.2142418,
            -12.7977771
          ],
          [
            28.2142603,
            -12.7977992
          ],
          [
            28.214273,
            -12.7978255
          ],
          [
            28.2142716,
            -12.7978436
          ],
          [
            28.2142446,
            -12.7978664
          ],
          [
            28.2141078,
            -12.7979641
          ],
          [
            28.2140316,
            -12.7980399
          ],
          [
            28.2139528,
            -12.79816
          ]
        ]
      }
    },
    {
      "type": "Feature",
      "properties": {
        "name": "Unnamed Road",
        "highway": "service"
      },
      "geometry": {
        "type": "LineString",
        "coordinates": [
          [
            28.2109419,
            -12.7969185
          ],
          [
            28.2109566,
            -12.7969756
          ],
          [
            28.21096,
            -12.7970571
          ],
          [
            28.2109402,
            -12.797137
          ],
          [
            28.2108756,
            -12.7972882
          ],
          [
            28.2108515,
            -12.7973748
          ],
          [
            28.2108403,
            -12.7974756
          ],
          [
            28.2108239,
            -12.7976907
          ],
          [
            28.2107967,
            -12.7981141
          ],
          [
            28.2108042,
            -12.7981841
          ]
        ]
      }
    },
    {
      "type": "Feature",
      "properties": {
        "name": "Unnamed Road",
        "highway": "residential"
      },
      "geometry": {
        "type": "LineString",
        "coordinates": [
          [
            28.2181076,
            -12.8092803
          ],
          [
            28.2180619,
            -12.8090407
          ],
          [
            28.2180727,
            -12.8090002
          ],
          [
            28.2181035,
            -12.8089544
          ],
          [
            28.2182658,
            -12.8087648
          ],
          [
            28.218306,
            -12.8087295
          ],
          [
            28.2183851,
            -12.8087007
          ],
          [
            28.2185045,
            -12.8086706
          ]
        ]
      }
    },
    {
      "type": "Feature",
      "properties": {
        "name": "Unnamed Road",
        "highway": "residential"
      },
      "geometry": {
        "type": "LineString",
        "coordinates": [
          [
            28.2166068,
            -12.801563
          ],
          [
            28.2166243,
            -12.8016088
          ],
          [
            28.2166322,
            -12.8016569
          ],
          [
            28.2166201,
            -12.8017179
          ],
          [
            28.2157832,
            -12.8027256
          ]
        ]
      }
    },
    {
      "type": "Feature",
      "properties": {
        "name": "President Avenue",
        "highway": "secondary",
        "oneway": "yes",
        "lanes": 2.0,
        "surface": "asphalt"
      },
      "geometry": {
        "type": "LineString",
        "coordinates": [
          [
            28.21337067515493,
            -12.815
          ],
          [
            28.2134154,
            -12.8138304
          ],
          [
            28.2134709,
            -12.812379
          ],
          [
            28.2135264,
            -12.8109301
          ],
          [
            28.2135534,
            -12.8102247
          ],
          [
            28.213562,
            -12.8099999
          ],
          [
            28.2135628,
            -12.8098482
          ],
          [
            28.2135635,
            -12.8096993
          ],
          [
            28.2135647,
            -12.8096427
          ],
          [
            28.2135655,
            -12.8096058
          ],
          [
            28.213566,
            -12.8095769
          ],
          [
            28.2135667,
            -12.8095465
          ],
          [
            28.213568,
            -12.8094813
          ]
        ]
      }
    },
    {
      "type": "Feature",
      "properties": {
        "name": "Unnamed Road",
        "highway": "residential"
      },
      "geometry": {
        "type": "LineString",
        "coordinates": [
          [
            28.20788569847619,
            -12.795
          ],
          [
            28.2075933,
            -12.7951378
          ],
          [
            28.2075725,
            -12.7951405
          ]
        ]
      }
    },
    {
      "type": "Feature",
      "properties": {
        "name": "Unnamed Road",
        "highway": "residential"
      },
      "geometry": {
        "type": "LineString",
        "coordinates": [
          [
            28.2075725,
            -12.7951405
          ],
          [
            28.2075564,
            -12.7951352
          ],
          [
            28.207545,
            -12.7951163
          ],
          [
            28.207467774013388,
            -12.795
          ]
        ]
      }
    },
    {
      "type": "Feature",
      "properties": {
        "name": "Freedom Avenue",
        "highway": "secondary",
        "bridge": "yes"
      },
      "geometry": {
        "type": "LineString",
        "coordinates": [
          [
            28.2185223,
            -12.8057944
          ],
          [
            28.2186618,
            -12.8055963
          ]
        ]
      }
    },
    {
      "type": "Feature",
      "properties": {
        "name": "Freedom Avenue",
        "highway": "secondary"
      },
      "geometry": {
        "type": "LineString",
        "coordinates": [
          [
            28.2182898,
            -12.8060587
          ],
          [
            28.2185223,
            -12.8057944
          ]
        ]
      }
    },
    {
      "type": "Feature",
      "properties": {
        "name": "Unnamed Road",
        "highway": "tertiary",
        "oneway": "yes"
      },
      "geometry": {
        "type": "LineString",
        "coordinates": [
          [
            28.2186976,
            -12.8051325
          ],
          [
            28.2186106,
            -12.8049542
          ]
        ]
      }
    },
    {
      "type": "Feature",
      "properties": {
        "name": "Nationalist Way",
        "highway": "tertiary",
        "oneway": "yes"
      },
      "geometry": {
        "type": "LineString",
        "coordinates": [
          [
            28.2186106,
            -12.8049542
          ],
          [
            28.2189601,
            -12.8051952
          ]
        ]
      }
    },
    {
      "type": "Feature",
      "properties": {
        "name": "Unnamed Road",
        "highway": "service"
      },
      "geometry": {
        "type": "LineString",
        "coordinates": [
          [
            28.2097283,
            -12.7981562
          ],
          [
            28.2083094,
            -12.7981575
          ],
          [
            28.2082571,
            -12.7981432
          ],
          [
            28.2082222,
            -12.7981183
          ]
        ]
      }
    },
    {
      "type": "Feature",
      "properties": {
        "name": "Unnamed Road",
        "highway": "service"
      },
      "geometry": {
        "type": "LineString",
        "coordinates": [
          [
            28.2082343,
            -12.7973716
          ],
          [
            28.2082839,
            -12.7973559
          ],
          [
            28.2087386,
            -12.7973441
          ],
          [
            28.2092455,
            -12.7973519
          ],
          [
            28.20973,
            -12.7973624
          ]
        ]
      }
    },
    {
      "type": "Feature",
      "properties": {
        "name": "Unnamed Road",
        "highway": "service"
      },
      "geometry": {
        "type": "LineString",
        "coordinates": [
          [
            28.2082222,
            -12.7981183
          ],
          [
            28.2082021,
            -12.7980725
          ],
          [
            28.2082021,
            -12.7979797
          ],
          [
            28.2082115,
            -12.7974186
          ],
          [
            28.2082343,
            -12.7973716
          ]
        ]
      }
    },
    {
      "type": "Feature",
      "properties": {
        "name": "Unnamed Road",
        "highway": "residential"
      },
      "geometry": {
        "type": "LineString",
        "coordinates": [
          [
            28.2185045,
            -12.8086706
          ],
          [
            28.2186064,
            -12.8086772
          ],
          [
            28.2187016,
            -12.8087151
          ],
          [
            28.218817,
            -12.8087726
          ],
          [
            28.2188787,
            -12.8088393
          ],
          [
            28.2189471,
            -12.8090446
          ]
        ]
      }
    },
    {
      "type": "Feature",
      "properties": {
        "name": "Unnamed Road",
        "highway": "service"
      },
      "geometry": {
        "type": "LineString",
        "coordinates": [
          [
            28.2199765,
            -12.8039452
          ],
          [
            28.2205631,
            -12.804155
          ],
          [
            28.2207173,
            -12.8042034
          ],
          [
            28.2207857,
            -12.8042805
          ],
          [
            28.2207549,
            -12.8044178
          ],
          [
            28.2204732,
            -12.8044496
          ],
          [
            28.2204001,
            -12.8046809
          ],
          [
            28.2203901,
            -12.8049776
          ],
          [
            28.2210486,
            -12.8050403
          ],
          [
            28.2210861,
            -12.8045408
          ],
          [
            28.2210284,
            -12.8044832
          ],
          [
            28.2209775,
            -12.8044662
          ],
          [
            28.2208434,
            -12.8044558
          ]
        ]
      }
    },
    {
      "type": "Feature",
      "properties": {
        "name": "Unnamed Road",
        "highway": "service"
      },
      "geometry": {
        "type": "LineString",
        "coordinates": [
          [
            28.2209775,
            -12.8044662
          ],
          [
            28.2209791,
            -12.8044101
          ],
          [
            28.2209802,
            -12.8043734
          ],
          [
            28.2209614,
            -12.8043041
          ],
          [
            28.2208715,
            -12.8042609
          ],
          [
            28.2207173,
            -12.8042034
          ]
        ]
      }
    },
    {
      "type": "Feature",
      "properties": {
        "name": "Unnamed Road",
        "highway": "service"
      },
      "geometry": {
        "type": "LineString",
        "coordinates": [
          [
            28.2196039,
            -12.8044134
          ],
          [
            28.2197716,
            -12.8045257
          ],
          [
            28.219912,
            -12.8046014
          ],
          [
            28.2200575,
            -12.8046467
          ],
          [
            28.2204001,
            -12.8046809
          ]
        ]
      }
    },
    {
      "type": "Feature",
      "properties": {
        "name": "Unnamed Road",
        "highway": "service"
      },
      "geometry": {
        "type": "LineString",
        "coordinates": [
          [
            28.2205383,
            -12.8071548
          ],
          [
            28.2210566,
            -12.8071676
          ],
          [
            28.2211197,
            -12.8071446
          ]
        ]
      }
    },
    {
      "type": "Feature",
      "properties": {
        "name": "Unnamed Road",
        "highway": "service"
      },
      "geometry": {
        "type": "LineString",
        "coordinates": [
          [
            28.2205383,
            -12.8071548
          ],
          [
            28.2200176,
            -12.8071322
          ],
          [
            28.219959,
            -12.8071135
          ]
        ]
      }
    },
    {
      "type": "Feature",
      "properties": {
        "name": "Unnamed Road",
        "highway": "service"
      },
      "geometry": {
        "type": "LineString",
        "coordinates": [
          [
            28.2223244,
            -12.8069347
          ],
          [
            28.2222848,
            -12.8071545
          ],
          [
            28.222174,
            -12.8074129
          ]
        ]
      }
    },
    {
      "type": "Feature",
      "properties": {
        "name": "Freedom Avenue",
        "highway": "secondary"
      },
      "geometry": {
        "type": "LineString",
        "coordinates": [
          [
            28.2186618,
            -12.8055963
          ],
          [
            28.218727,
            -12.8054848
          ],
          [
            28.2188725,
            -12.8053077
          ],
          [
            28.2189601,
            -12.8051952
          ],
          [
            28.2196039,
            -12.8044134
          ],
          [
            28.2199765,
            -12.8039452
          ],
          [
            28.2201591,
            -12.8037158
          ],
          [
            28.220368,
            -12.8034821
          ],
          [
            28.2205778,
            -12.8032258
          ],
          [
            28.2207475,
            -12.8030467
          ],
          [
            28.2207829,
            -12.8030103
          ]
        ]
      }
    },
    {
      "type": "Feature",
      "properties": {
        "name": "Unnamed Road",
        "highway": "secondary_link"
      },
      "geometry": {
        "type": "LineString",
        "coordinates": [
          [
            28.2226799,
            -12.7982736
          ],
          [
            28.2226459,
            -12.7986574
          ]
        ]
      }
    },
    {
      "type": "Feature",
      "properties": {
        "name": "Freedom Avenue",
        "highway": "secondary",
        "oneway": "yes"
      },
      "geometry": {
        "type": "LineString",
        "coordinates": [
          [
            28.2207829,
            -12.8030103
          ],
          [
            28.2208506,
            -12.8028697
          ]
        ]
      }
    },
    {
      "type": "Feature",
      "properties": {
        "name": "Unnamed Road",
        "highway": "service"
      },
      "geometry": {
        "type": "LineString",
        "coordinates": [
          [
            28.213606,
            -12.8081128
          ],
          [
            28.2115099,
            -12.80809
          ]
        ]
      }
    },
    {
      "type": "Feature",
      "properties": {
        "name": "Unnamed Road",
        "highway": "service"
      },
      "geometry": {
        "type": "LineString",
        "coordinates": [
          [
            28.212666,
            -12.8074465
          ],
          [
            28.2126835,
            -12.807549
          ]
        ]
      }
    },
    {
      "type": "Feature",
      "properties": {
        "name": "Unnamed Road",
        "highway": "service",
        "bridge": "yes"
      },
      "geometry": {
        "type": "LineString",
        "coordinates": [
          [
            28.2125837,
            -12.80724
          ],
          [
            28.212666,
            -12.8074465
          ]
        ]
      }
    },
    {
      "type": "Feature",
      "properties": {
        "name": "Unnamed Road",
        "highway": "service"
      },
      "geometry": {
        "type": "LineString",
        "coordinates": [
          [
            28.2124852,
            -12.8069444
          ],
          [
            28.2125498,
            -12.8071549
          ],
          [
            28.2125837,
            -12.80724
          ]
        ]
      }
    },
    {
      "type": "Feature",
      "properties": {
        "name": "Unnamed Road",
        "highway": "service",
        "surface": "asphalt"
      },
      "geometry": {
        "type": "LineString",
        "coordinates": [
          [
            28.2105429,
            -12.8093741
          ],
          [
            28.2105338,
            -12.8087859
          ],
          [
            28.2105304,
            -12.8086105
          ],
          [
            28.2105429,
            -12.8085684
          ],
          [
            28.210568,
            -12.8085467
          ],
          [
            28.2108584,
            -12.808508
          ],
          [
            28.2111671,
            -12.8084442
          ],
          [
            28.2112924,
            -12.8083896
          ],
          [
            28.2113687,
            -12.8083189
          ],
          [
            28.2115099,
            -12.80809
          ],
          [
            28.2115999,
            -12.8079436
          ],
          [
            28.2116472,
            -12.8078856
          ],
          [
            28.2116751,
            -12.8078565
          ],
          [
            28.2117178,
            -12.8078178
          ],
          [
            28.2117958,
            -12.8077756
          ],
          [
            28.212207,
            -12.8076287
          ],
          [
            28.212297,
            -12.8076059
          ],
          [
            28.2126353,
            -12.8075524
          ],
          [
            28.2126835,
            -12.807549
          ],
          [
            28.2128642,
            -12.8075365
          ],
          [
            28.2135382,
            -12.8075773
          ]
        ]
      }
    },
    {
      "type": "Feature",
      "properties": {
        "name": "Unnamed Road",
        "highway": "service"
      },
      "geometry": {
        "type": "LineString",
        "coordinates": [
          [
            28.2097323,
            -12.8088393
          ],
          [
            28.2100304,
            -12.8087859
          ],
          [
            28.2105338,
            -12.8087859
          ]
        ]
      }
    },
    {
      "type": "Feature",
      "properties": {
        "name": "Unnamed Road",
        "highway": "service"
      },
      "geometry": {
        "type": "LineString",
        "coordinates": [
          [
            28.2100805,
            -12.8093683
          ],
          [
            28.210096,
            -12.8090755
          ]
        ]
      }
    },
    {
      "type": "Feature",
      "properties": {
        "name": "Unnamed Road",
        "highway": "service"
      },
      "geometry": {
        "type": "LineString",
        "coordinates": [
          [
            28.2097707,
            -12.8090538
          ],
          [
            28.210096,
            -12.8090755
          ],
          [
            28.2104324,
            -12.809098
          ],
          [
            28.2104244,
            -12.8093713
          ]
        ]
      }
    },
    {
      "type": "Feature",
      "properties": {
        "name": "Unnamed Road",
        "highway": "service"
      },
      "geometry": {
        "type": "LineString",
        "coordinates": [
          [
            28.2141722,
            -12.8084716
          ],
          [
            28.2145905,
            -12.8084711
          ]
        ]
      }
    },
    {
      "type": "Feature",
      "properties": {
        "name": "Unnamed Road",
        "highway": "service"
      },
      "geometry": {
        "type": "LineString",
        "coordinates": [
          [
            28.213802,
            -12.8082791
          ],
          [
            28.2141694,
            -12.8082785
          ],
          [
            28.2145902,
            -12.808278
          ]
        ]
      }
    },
    {
      "type": "Feature",
      "properties": {
        "name": "Unnamed Road",
        "highway": "service"
      },
      "geometry": {
        "type": "LineString",
        "coordinates": [
          [
            28.2138018,
            -12.8081174
          ],
          [
            28.2141671,
            -12.8081169
          ],
          [
            28.21459,
            -12.8081163
          ]
        ]
      }
    },
    {
      "type": "Feature",
      "properties": {
        "name": "Unnamed Road",
        "highway": "service"
      },
      "geometry": {
        "type": "LineString",
        "coordinates": [
          [
            28.2138016,
            -12.8079647
          ],
          [
            28.2141649,
            -12.8079642
          ],
          [
            28.2145898,
            -12.8079636
          ]
        ]
      }
    },
    {
      "type": "Feature",
      "properties": {
        "name": "Unnamed Road",
        "highway": "service"
      },
      "geometry": {
        "type": "LineString",
        "coordinates": [
          [
            28.2150709,
            -12.8091394
          ],
          [
            28.214985,
            -12.8089522
          ],
          [
            28.2148688,
            -12.8085866
          ],
          [
            28.214174,
            -12.8086008
          ],
          [
            28.2141722,
            -12.8084716
          ],
          [
            28.2141694,
            -12.8082785
          ],
          [
            28.2141671,
            -12.8081169
          ],
          [
            28.2141649,
            -12.8079642
          ]
        ]
      }
    },
    {
      "type": "Feature",
      "properties": {
        "name": "Unnamed Road",
        "highway": "service",
        "surface": "asphalt"
      },
      "geometry": {
        "type": "LineString",
        "coordinates": [
          [
            28.2137029,
            -12.8090627
          ],
          [
            28.2138118,
            -12.8091732
          ],
          [
            28.2139189,
            -12.8092199
          ]
        ]
      }
    },
    {
      "type": "Feature",
      "properties": {
        "name": "Unnamed Road",
        "highway": "service"
      },
      "geometry": {
        "type": "LineString",
        "coordinates": [
          [
            28.2139189,
            -12.8092199
          ],
          [
            28.2140351,
            -12.8092176
          ],
          [
            28.2145397,
            -12.8090764
          ],
          [
            28.214985,
            -12.8089522
          ]
        ]
      }
    },
    {
      "type": "Feature",
      "properties": {
        "name": "Unnamed Road",
        "highway": "service",
        "oneway": "yes",
        "surface": "asphalt"
      },
      "geometry": {
        "type": "LineString",
        "coordinates": [
          [
            28.2137064,
            -12.8077419
          ],
          [
            28.2137029,
            -12.8090627
          ],
          [
            28.2137025,
            -12.8092108
          ],
          [
            28.2136798,
            -12.8094794
          ]
        ]
      }
    },
    {
      "type": "Feature",
      "properties": {
        "name": "Unnamed Road",
        "highway": "service"
      },
      "geometry": {
        "type": "LineString",
        "coordinates": [
          [
            28.2136465,
            -12.8077559
          ],
          [
            28.213616,
            -12.8077505
          ],
          [
            28.2135872,
            -12.8077394
          ],
          [
            28.2135625,
            -12.8077207
          ],
          [
            28.2135432,
            -12.8076964
          ],
          [
            28.2135306,
            -12.8076681
          ],
          [
            28.2135254,
            -12.8076375
          ],
          [
            28.213528,
            -12.8076066
          ],
          [
            28.2135382,
            -12.8075773
          ],
          [
            28.2135553,
            -12.8075514
          ],
          [
            28.2135783,
            -12.8075307
          ],
          [
            28.2136058,
            -12.8075163
          ],
          [
            28.213636,
            -12.8075092
          ],
          [
            28.213667,
            -12.8075098
          ],
          [
            28.2136969,
            -12.8075182
          ],
          [
            28.2137238,
            -12.8075337
          ],
          [
            28.2137423,
            -12.8075507
          ],
          [
            28.2137605,
            -12.8075781
          ],
          [
            28.2137708,
            -12.8076093
          ],
          [
            28.2137726,
            -12.8076424
          ],
          [
            28.2137655,
            -12.8076748
          ],
          [
            28.21375,
            -12.8077041
          ],
          [
            28.2137274,
            -12.8077283
          ],
          [
            28.2137064,
            -12.8077419
          ],
          [
            28.2136773,
            -12.8077527
          ],
          [
            28.2136465,
            -12.8077559
          ]
        ]
      }
    },
    {
      "type": "Feature",
      "properties": {
        "name": "Unnamed Road",
        "highway": "service",
        "oneway": "yes",
        "surface": "asphalt"
      },
      "geometry": {
        "type": "LineString",
        "coordinates": [
          [
            28.213568,
            -12.8094813
          ],
          [
            28.213606,
            -12.8081128
          ],
          [
            28.213616,
            -12.8077505
          ]
        ]
      }
    },
    {
      "type": "Feature",
      "properties": {
        "name": "Unnamed Road",
        "highway": "residential"
      },
      "geometry": {
        "type": "LineString",
        "coordinates": [
          [
            28.2230407,
            -12.8026197
          ],
          [
            28.2230753,
            -12.80269
          ],
          [
            28.2230833,
            -12.8027606
          ],
          [
            28.2230617,
            -12.8028597
          ],
          [
            28.2229888,
            -12.803141
          ],
          [
            28.2228954,
            -12.8033688
          ],
          [
            28.2227962,
            -12.8036484
          ]
        ]
      }
    },
    {
      "type": "Feature",
      "properties": {
        "name": "Unnamed Road",
        "highway": "service"
      },
      "geometry": {
        "type": "LineString",
        "coordinates": [
          [
            28.2161083,
            -12.7971749
          ],
          [
            28.2159886,
            -12.7968903
          ],
          [
            28.2159671,
            -12.7965581
          ],
          [
            28.216112,
            -12.7963279
          ],
          [
            28.2164901,
            -12.796171
          ],
          [
            28.2167664,
            -12.7961396
          ],
          [
            28.21704,
            -12.7962599
          ],
          [
            28.2171741,
            -12.7964613
          ],
          [
            28.2172925,
            -12.796696
          ]
        ]
      }
    },
    {
      "type": "Feature",
      "properties": {
        "name": "President Avenue",
        "highway": "secondary",
        "oneway": "yes",
        "lanes": 2.0
      },
      "geometry": {
        "type": "LineString",
        "coordinates": [
          [
            28.2136798,
            -12.8094794
          ],
          [
            28.2136679,
            -12.809693
          ],
          [
            28.2136632,
            -12.8097272
          ],
          [
            28.2136587,
            -12.8097735
          ],
          [
            28.2136525,
            -12.8098958
          ],
          [
            28.2136394,
            -12.810228
          ],
          [
            28.2136115,
            -12.8109334
          ],
          [
            28.2135544,
            -12.8123817
          ],
          [
            28.2134971,
            -12.8138329
          ],
          [
            28.2134510767622,
            -12.815
          ]
        ]
      }
    },
    {
      "type": "Feature",
      "properties": {
        "name": "Unnamed Road",
        "highway": "service"
      },
      "geometry": {
        "type": "LineString",
        "coordinates": [
          [
            28.2202944,
            -12.8070803
          ],
          [
            28.2202997,
            -12.8068653
          ]
        ]
      }
    },
    {
      "type": "Feature",
      "properties": {
        "name": "Unnamed Road",
        "highway": "service"
      },
      "geometry": {
        "type": "LineString",
        "coordinates": [
          [
            28.2068734,
            -12.8057364
          ],
          [
            28.2067512,
            -12.8058063
          ],
          [
            28.2066851,
            -12.8058382
          ],
          [
            28.2066054,
            -12.8058268
          ],
          [
            28.2065621,
            -12.8057995
          ],
          [
            28.2065564,
            -12.8057197
          ]
        ]
      }
    },
    {
      "type": "Feature",
      "properties": {
        "name": "Unnamed Road",
        "highway": "unclassified"
      },
      "geometry": {
        "type": "LineString",
        "coordinates": [
          [
            28.2039094,
            -12.8061264
          ],
          [
            28.2044834,
            -12.8059327
          ],
          [
            28.2047796,
            -12.8057915
          ],
          [
            28.2049983,
            -12.8057141
          ],
          [
            28.2053707,
            -12.8056284
          ]
        ]
      }
    },
    {
      "type": "Feature",
      "properties": {
        "name": "Unnamed Road",
        "highway": "residential"
      },
      "geometry": {
        "type": "LineString",
        "coordinates": [
          [
            28.2157552,
            -12.8067273
          ],
          [
            28.2153127,
            -12.8070068
          ],
          [
            28.215078,
            -12.8071432
          ]
        ]
      }
    },
    {
      "type": "Feature",
      "properties": {
        "name": "Unnamed Road",
        "highway": "residential"
      },
      "geometry": {
        "type": "LineString",
        "coordinates": [
          [
            28.2153127,
            -12.8070068
          ],
          [
            28.2154783,
            -12.8065812
          ]
        ]
      }
    },
    {
      "type": "Feature",
      "properties": {
        "name": "Unnamed Road",
        "highway": "residential"
      },
      "geometry": {
        "type": "LineString",
        "coordinates": [
          [
            28.215942,
            -12.8061132
          ],
          [
            28.21601,
            -12.8063566
          ],
          [
            28.2160422,
            -12.8064547
          ],
          [
            28.2160476,
            -12.8064959
          ],
          [
            28.2160529,
            -12.806539
          ],
          [
            28.2160382,
            -12.8065756
          ],
          [
            28.2160033,
            -12.8066057
          ],
          [
            28.2157552,
            -12.8067273
          ]
        ]
      }
    },
    {
      "type": "Feature",
      "properties": {
        "name": "Unnamed Road",
        "highway": "service"
      },
      "geometry": {
        "type": "LineString",
        "coordinates": [
          [
            28.2092413,
            -12.805358
          ],
          [
            28.2094333,
            -12.8053228
          ],
          [
            28.2094869,
            -12.8053307
          ],
          [
            28.2095379,
            -12.8053437
          ],
          [
            28.2097954,
            -12.8055477
          ]
        ]
      }
    },
    {
      "type": "Feature",
      "properties": {
        "name": "Unnamed Road",
        "highway": "service"
      },
      "geometry": {
        "type": "LineString",
        "coordinates": [
          [
            28.222674,
            -12.7978005
          ],
          [
            28.2228671,
            -12.7973153
          ],
          [
            28.2228832,
            -12.7972473
          ],
          [
            28.2228604,
            -12.7971793
          ],
          [
            28.2228068,
            -12.7971179
          ],
          [
            28.2227343,
            -12.7970839
          ],
          [
            28.2226562,
            -12.7970631
          ]
        ]
      }
    },
    {
      "type": "Feature",
      "properties": {
        "name": "Unnamed Road",
        "highway": "service"
      },
      "geometry": {
        "type": "LineString",
        "coordinates": [
          [
            28.2224634,
            -12.7977116
          ],
          [
            28.222674,
            -12.7978005
          ],
          [
            28.2228343,
            -12.7978636
          ]
        ]
      }
    },
    {
      "type": "Feature",
      "properties": {
        "name": "Unnamed Road",
        "highway": "service"
      },
      "geometry": {
        "type": "LineString",
        "coordinates": [
          [
            28.2227232,
            -12.7967684
          ],
          [
            28.2226562,
            -12.7970631
          ],
          [
            28.2224634,
            -12.7977116
          ],
          [
            28.222387,
            -12.7979365
          ],
          [
            28.2223602,
            -12.7980621
          ],
          [
            28.2223669,
            -12.7981157
          ],
          [
            28.222395,
            -12.7981405
          ],
          [
            28.2226799,
            -12.7982736
          ]
        ]
      }
    },
    {
      "type": "Feature",
      "properties": {
        "name": "Unnamed Road",
        "highway": "service"
      },
      "geometry": {
        "type": "LineString",
        "coordinates": [
          [
            28.205528,
            -12.7957342
          ],
          [
            28.2050400060649,
            -12.795
          ]
        ]
      }
    },
    {
      "type": "Feature",
      "properties": {
        "name": "Unnamed Road",
        "highway": "service"
      },
      "geometry": {
        "type": "LineString",
        "coordinates": [
          [
            28.2064687,
            -12.7963927
          ],
          [
            28.2057801,
            -12.7959094
          ],
          [
            28.205528,
            -12.7957342
          ],
          [
            28.205359,
            -12.795814
          ]
        ]
      }
    },
    {
      "type": "Feature",
      "properties": {
        "name": "Unnamed Road",
        "highway": "service"
      },
      "geometry": {
        "type": "LineString",
        "coordinates": [
          [
            28.2004196,
            -12.7956662
          ],
          [
            28.2005216,
            -12.7958323
          ],
          [
            28.2009239,
            -12.7960952
          ]
        ]
      }
    },
    {
      "type": "Feature",
      "properties": {
        "name": "Unnamed Road",
        "highway": "service"
      },
      "geometry": {
        "type": "LineString",
        "coordinates": [
          [
            28.2049888,
            -12.7959304
          ],
          [
            28.2048158,
            -12.7956479
          ]
        ]
      }
    },
    {
      "type": "Feature",
      "properties": {
        "name": "Unnamed Road",
        "highway": "service"
      },
      "geometry": {
        "type": "LineString",
        "coordinates": [
          [
            28.2051531,
            -12.7958633
          ],
          [
            28.2049888,
            -12.7959304
          ],
          [
            28.2043961,
            -12.7962076
          ]
        ]
      }
    },
    {
      "type": "Feature",
      "properties": {
        "name": "Unnamed Road",
        "highway": "service"
      },
      "geometry": {
        "type": "LineString",
        "coordinates": [
          [
            28.20419532673039,
            -12.795
          ],
          [
            28.204262,
            -12.7950973
          ]
        ]
      }
    },
    {
      "type": "Feature",
      "properties": {
        "name": "Unnamed Road",
        "highway": "service"
      },
      "geometry": {
        "type": "LineString",
        "coordinates": [
          [
            28.203985019417477,
            -12.795
          ],
          [
            28.204101,
            -12.795198
          ]
        ]
      }
    },
    {
      "type": "Feature",
      "properties": {
        "name": "Unnamed Road",
        "highway": "unclassified"
      },
      "geometry": {
        "type": "LineString",
        "coordinates": [
          [
            28.209415626635007,
            -12.795
          ],
          [
            28.2097779,
            -12.7957329
          ],
          [
            28.2098316,
            -12.7958493
          ]
        ]
      }
    },
    {
      "type": "Feature",
      "properties": {
        "name": "Freetown Road",
        "highway": "unclassified",
        "oneway": "yes"
      },
      "geometry": {
        "type": "LineString",
        "coordinates": [
          [
            28.2096021,
            -12.8088821
          ],
          [
            28.2097323,
            -12.8088393
          ]
        ]
      }
    },
    {
      "type": "Feature",
      "properties": {
        "name": "Unnamed Road",
        "highway": "trunk_link",
        "oneway": "yes"
      },
      "geometry": {
        "type": "LineString",
        "coordinates": [
          [
            28.2096632,
            -12.8085201
          ],
          [
            28.2096545,
            -12.8087267
          ],
          [
            28.2096385,
            -12.808803
          ],
          [
            28.2096021,
            -12.8088821
          ]
        ]
      }
    },
    {
      "type": "Feature",
      "properties": {
        "name": "Unnamed Road",
        "highway": "unclassified"
      },
      "geometry": {
        "type": "LineString",
        "coordinates": [
          [
            28.208083,
            -12.8079736
          ],
          [
            28.2082383,
            -12.8079566
          ],
          [
            28.208428,
            -12.807922
          ],
          [
            28.2089384,
            -12.8078389
          ],
          [
            28.2094415,
            -12.8077559
          ]
        ]
      }
    },
    {
      "type": "Feature",
      "properties": {
        "name": "Unnamed Road",
        "highway": "service",
        "surface": "unpaved"
      },
      "geometry": {
        "type": "LineString",
        "coordinates": [
          [
            28.2063742,
            -12.8111995
          ],
          [
            28.2064197,
            -12.8112997
          ],
          [
            28.2064061,
            -12.8113429
          ]
        ]
      }
    },
    {
      "type": "Feature",
      "properties": {
        "name": "Unnamed Road",
        "highway": "service",
        "surface": "unpaved"
      },
      "geometry": {
        "type": "LineString",
        "coordinates": [
          [
            28.2067478,
            -12.8104432
          ],
          [
            28.2064653,
            -12.8108077
          ]
        ]
      }
    },
    {
      "type": "Feature",
      "properties": {
        "name": "Unnamed Road",
        "highway": "service",
        "oneway": "yes",
        "surface": "unpaved"
      },
      "geometry": {
        "type": "LineString",
        "coordinates": [
          [
            28.2063742,
            -12.8111995
          ],
          [
            28.2062603,
            -12.8111129
          ],
          [
            28.2064653,
            -12.8108077
          ]
        ]
      }
    },
    {
      "type": "Feature",
      "properties": {
        "name": "Unnamed Road",
        "highway": "service",
        "oneway": "yes",
        "surface": "unpaved"
      },
      "geometry": {
        "type": "LineString",
        "coordinates": [
          [
            28.2064653,
            -12.8108077
          ],
          [
            28.2063856,
            -12.8111129
          ],
          [
            28.2063742,
            -12.8111995
          ]
        ]
      }
    },
    {
      "type": "Feature",
      "properties": {
        "name": "Unnamed Road",
        "highway": "residential",
        "surface": "unpaved"
      },
      "geometry": {
        "type": "LineString",
        "coordinates": [
          [
            28.2064061,
            -12.8113429
          ],
          [
            28.2063537,
            -12.8115093
          ],
          [
            28.2062512,
            -12.8117963
          ],
          [
            28.2062284,
            -12.8120446
          ],
          [
            28.2062443,
            -12.8121767
          ],
          [
            28.2062899,
            -12.8122314
          ],
          [
            28.2064721,
            -12.8122474
          ],
          [
            28.20722,
            -12.8122809
          ]
        ]
      }
    },
    {
      "type": "Feature",
      "properties": {
        "name": "Unnamed Road",
        "highway": "residential"
      },
      "geometry": {
        "type": "LineString",
        "coordinates": [
          [
            28.2117434,
            -12.802944
          ],
          [
            28.2123608,
            -12.8029326
          ],
          [
            28.2127845,
            -12.8028802
          ],
          [
            28.213092,
            -12.8029098
          ],
          [
            28.2132655,
            -12.8029508
          ]
        ]
      }
    },
    {
      "type": "Feature",
      "properties": {
        "name": "Unnamed Road",
        "highway": "service"
      },
      "geometry": {
        "type": "LineString",
        "coordinates": [
          [
            28.2066478,
            -12.8146574
          ],
          [
            28.20670542255751,
            -12.815
          ]
        ]
      }
    },
    {
      "type": "Feature",
      "properties": {
        "name": "Unnamed Road",
        "highway": "service"
      },
      "geometry": {
        "type": "LineString",
        "coordinates": [
          [
            28.205355676595744,
            -12.815
          ],
          [
            28.2054126,
            -12.8149895
          ],
          [
            28.2054468,
            -12.8149908
          ],
          [
            28.2054763,
            -12.814998
          ],
          [
            28.205477739878237,
            -12.815
          ]
        ]
      }
    },
    {
      "type": "Feature",
      "properties": {
        "name": "Unnamed Road",
        "highway": "service"
      },
      "geometry": {
        "type": "LineString",
        "coordinates": [
          [
            28.2050477,
            -12.8145731
          ],
          [
            28.2059477,
            -12.8141827
          ]
        ]
      }
    },
    {
      "type": "Feature",
      "properties": {
        "name": "Unnamed Road",
        "highway": "service"
      },
      "geometry": {
        "type": "LineString",
        "coordinates": [
          [
            28.208465773410406,
            -12.815
          ],
          [
            28.2084864,
            -12.8148378
          ],
          [
            28.2085052,
            -12.8148104
          ],
          [
            28.2085347,
            -12.814796
          ],
          [
            28.2090175,
            -12.8148025
          ],
          [
            28.2090524,
            -12.8148169
          ],
          [
            28.2090712,
            -12.8148509
          ],
          [
            28.20906856354402,
            -12.815
          ]
        ]
      }
    },
    {
      "type": "Feature",
      "properties": {
        "name": "Kensington Road",
        "highway": "residential",
        "surface": "compacted"
      },
      "geometry": {
        "type": "LineString",
        "coordinates": [
          [
            28.2091508,
            -12.8055262
          ],
          [
            28.2076176,
            -12.8057337
          ]
        ]
      }
    },
    {
      "type": "Feature",
      "properties": {
        "name": "Unnamed Road",
        "highway": "residential"
      },
      "geometry": {
        "type": "LineString",
        "coordinates": [
          [
            28.2089261,
            -12.80042
          ],
          [
            28.2085884,
            -12.7997648
          ]
        ]
      }
    },
    {
      "type": "Feature",
      "properties": {
        "name": "Unnamed Road",
        "highway": "service"
      },
      "geometry": {
        "type": "LineString",
        "coordinates": [
          [
            28.2070139,
            -12.8050874
          ],
          [
            28.2073756,
            -12.8050152
          ]
        ]
      }
    },
    {
      "type": "Feature",
      "properties": {
        "name": "Unnamed Road",
        "highway": "residential"
      },
      "geometry": {
        "type": "LineString",
        "coordinates": [
          [
            28.2029933,
            -12.8032958
          ],
          [
            28.2034922,
            -12.8030499
          ],
          [
            28.2038006,
            -12.8028433
          ],
          [
            28.204014,
            -12.8026369
          ]
        ]
      }
    },
    {
      "type": "Feature",
      "properties": {
        "name": "Unnamed Road",
        "highway": "service"
      },
      "geometry": {
        "type": "LineString",
        "coordinates": [
          [
            28.2087908,
            -12.8036972
          ],
          [
            28.2087091,
            -12.8036332
          ],
          [
            28.2086527,
            -12.8035966
          ],
          [
            28.2086313,
            -12.8035416
          ],
          [
            28.2085803,
            -12.8032487
          ]
        ]
      }
    },
    {
      "type": "Feature",
      "properties": {
        "name": "Unnamed Road",
        "highway": "service"
      },
      "geometry": {
        "type": "LineString",
        "coordinates": [
          [
            28.2069265,
            -12.8019237
          ],
          [
            28.2070568,
            -12.8018886
          ],
          [
            28.2071856,
            -12.8018572
          ],
          [
            28.2072687,
            -12.8018546
          ],
          [
            28.2073814,
            -12.8018939
          ],
          [
            28.2075503,
            -12.8019802
          ]
        ]
      }
    },
    {
      "type": "Feature",
      "properties": {
        "name": "Unnamed Road",
        "highway": "service"
      },
      "geometry": {
        "type": "LineString",
        "coordinates": [
          [
            28.2046616,
            -12.802362
          ],
          [
            28.20496,
            -12.8027164
          ]
        ]
      }
    },
    {
      "type": "Feature",
      "properties": {
        "name": "Unnamed Road",
        "highway": "service"
      },
      "geometry": {
        "type": "LineString",
        "coordinates": [
          [
            28.2075626,
            -12.8004726
          ],
          [
            28.2075034,
            -12.8003598
          ],
          [
            28.2074793,
            -12.800333
          ],
          [
            28.2074431,
            -12.8003376
          ],
          [
            28.2071882,
            -12.8004449
          ]
        ]
      }
    },
    {
      "type": "Feature",
      "properties": {
        "name": "Unnamed Road",
        "highway": "service"
      },
      "geometry": {
        "type": "LineString",
        "coordinates": [
          [
            28.207126,
            -12.8006765
          ],
          [
            28.2069415,
            -12.8003036
          ],
          [
            28.2068986,
            -12.8002565
          ],
          [
            28.2068503,
            -12.8002513
          ],
          [
            28.2066303,
            -12.8003585
          ]
        ]
      }
    },
    {
      "type": "Feature",
      "properties": {
        "name": "Unnamed Road",
        "highway": "service"
      },
      "geometry": {
        "type": "LineString",
        "coordinates": [
          [
            28.2062146,
            -12.8008424
          ],
          [
            28.2063487,
            -12.8007927
          ],
          [
            28.2064131,
            -12.8007823
          ],
          [
            28.2065257,
            -12.8008136
          ],
          [
            28.2066464,
            -12.800879
          ],
          [
            28.206735,
            -12.8009313
          ]
        ]
      }
    },
    {
      "type": "Feature",
      "properties": {
        "name": "Unnamed Road",
        "highway": "service"
      },
      "geometry": {
        "type": "LineString",
        "coordinates": [
          [
            28.2062978,
            -12.8016166
          ],
          [
            28.2065579,
            -12.8015722
          ],
          [
            28.2066652,
            -12.8015041
          ],
          [
            28.2067242,
            -12.8014545
          ],
          [
            28.2068281,
            -12.8014026
          ]
        ]
      }
    },
    {
      "type": "Feature",
      "properties": {
        "name": "Unnamed Road",
        "highway": "service"
      },
      "geometry": {
        "type": "LineString",
        "coordinates": [
          [
            28.2085991,
            -12.8045865
          ],
          [
            28.2085347,
            -12.8047762
          ],
          [
            28.2085401,
            -12.8048416
          ],
          [
            28.2085991,
            -12.8049828
          ]
        ]
      }
    },
    {
      "type": "Feature",
      "properties": {
        "name": "Unnamed Road",
        "highway": "service"
      },
      "geometry": {
        "type": "LineString",
        "coordinates": [
          [
            28.2083711,
            -12.8019985
          ],
          [
            28.2082772,
            -12.8016088
          ],
          [
            28.2082584,
            -12.8015643
          ],
          [
            28.2081914,
            -12.8015565
          ],
          [
            28.2076952,
            -12.8016558
          ]
        ]
      }
    },
    {
      "type": "Feature",
      "properties": {
        "name": "Unnamed Road",
        "highway": "service"
      },
      "geometry": {
        "type": "LineString",
        "coordinates": [
          [
            28.2085736,
            -12.8020624
          ],
          [
            28.2084998,
            -12.8020299
          ],
          [
            28.2084247,
            -12.8020037
          ],
          [
            28.2083711,
            -12.8019985
          ],
          [
            28.2077891,
            -12.8021188
          ]
        ]
      }
    },
    {
      "type": "Feature",
      "properties": {
        "name": "Unnamed Road",
        "highway": "service"
      },
      "geometry": {
        "type": "LineString",
        "coordinates": [
          [
            28.2076898,
            -12.799906
          ],
          [
            28.20793,
            -12.8004661
          ]
        ]
      }
    },
    {
      "type": "Feature",
      "properties": {
        "name": "Unnamed Road",
        "highway": "service"
      },
      "geometry": {
        "type": "LineString",
        "coordinates": [
          [
            28.2087037,
            -12.8006646
          ],
          [
            28.2087399,
            -12.8007509
          ],
          [
            28.2087587,
            -12.8008097
          ],
          [
            28.2087721,
            -12.8008633
          ],
          [
            28.2087788,
            -12.8009313
          ],
          [
            28.208764,
            -12.8009588
          ],
          [
            28.2087024,
            -12.800981
          ],
          [
            28.2086568,
            -12.8009745
          ],
          [
            28.2086192,
            -12.8009418
          ],
          [
            28.2085843,
            -12.8008581
          ],
          [
            28.2085548,
            -12.8007522
          ],
          [
            28.2085548,
            -12.800726
          ],
          [
            28.2085776,
            -12.800709
          ],
          [
            28.2087037,
            -12.8006646
          ]
        ]
      }
    },
    {
      "type": "Feature",
      "properties": {
        "name": "Unnamed Road",
        "highway": "service"
      },
      "geometry": {
        "type": "LineString",
        "coordinates": [
          [
            28.2089558,
            -12.8007679
          ],
          [
            28.2088807,
            -12.8005835
          ],
          [
            28.2087037,
            -12.8006646
          ],
          [
            28.208662,
            -12.8005571
          ]
        ]
      }
    },
    {
      "type": "Feature",
      "properties": {
        "name": "Unnamed Road",
        "highway": "service"
      },
      "geometry": {
        "type": "LineString",
        "coordinates": [
          [
            28.2088205,
            -12.800465
          ],
          [
            28.2088807,
            -12.8005835
          ],
          [
            28.2089384,
            -12.8005639
          ]
        ]
      }
    },
    {
      "type": "Feature",
      "properties": {
        "name": "Unnamed Road",
        "highway": "residential"
      },
      "geometry": {
        "type": "LineString",
        "coordinates": [
          [
            28.222078,
            -12.8090845
          ],
          [
            28.2225633,
            -12.8091002
          ]
        ]
      }
    },
    {
      "type": "Feature",
      "properties": {
        "name": "Unnamed Road",
        "highway": "service"
      },
      "geometry": {
        "type": "LineString",
        "coordinates": [
          [
            28.2221318,
            -12.8079383
          ],
          [
            28.2223991,
            -12.8079455
          ]
        ]
      }
    },
    {
      "type": "Feature",
      "properties": {
        "name": "Unnamed Road",
        "highway": "residential"
      },
      "geometry": {
        "type": "LineString",
        "coordinates": [
          [
            28.2207985,
            -12.8073827
          ],
          [
            28.2207931,
            -12.8075545
          ],
          [
            28.220785,
            -12.8077467
          ],
          [
            28.2207756,
            -12.8079566
          ],
          [
            28.220773,
            -12.8081135
          ]
        ]
      }
    },
    {
      "type": "Feature",
      "properties": {
        "name": "Unnamed Road",
        "highway": "residential"
      },
      "geometry": {
        "type": "LineString",
        "coordinates": [
          [
            28.2204599,
            -12.8073614
          ],
          [
            28.2204605,
            -12.8075375
          ],
          [
            28.2204524,
            -12.8076924
          ],
          [
            28.2204504,
            -12.8078363
          ],
          [
            28.2204451,
            -12.8080593
          ]
        ]
      }
    },
    {
      "type": "Feature",
      "properties": {
        "name": "Unnamed Road",
        "highway": "service"
      },
      "geometry": {
        "type": "LineString",
        "coordinates": [
          [
            28.218723,
            -12.8068192
          ],
          [
            28.2187472,
            -12.8064422
          ],
          [
            28.2187459,
            -12.8062186
          ],
          [
            28.2187553,
            -12.8061205
          ],
          [
            28.2187821,
            -12.8060538
          ],
          [
            28.2188304,
            -12.8060225
          ],
          [
            28.2189363,
            -12.8059715
          ],
          [
            28.2190557,
            -12.8059401
          ],
          [
            28.2192086,
            -12.8059008
          ],
          [
            28.2193319,
            -12.8058511
          ],
          [
            28.2194406,
            -12.8058132
          ],
          [
            28.2195573,
            -12.8057897
          ],
          [
            28.2198791,
            -12.8057112
          ],
          [
            28.2200414,
            -12.8056759
          ],
          [
            28.2201447,
            -12.8056707
          ],
          [
            28.2202573,
            -12.8056759
          ],
          [
            28.2204451,
            -12.8056929
          ],
          [
            28.2206918,
            -12.8057321
          ],
          [
            28.2210419,
            -12.8058145
          ],
          [
            28.2213476,
            -12.8059061
          ],
          [
            28.2216319,
            -12.8059649
          ],
          [
            28.2219458,
            -12.8060774
          ],
          [
            28.2221483,
            -12.8061323
          ],
          [
            28.2222676,
            -12.8061951
          ],
          [
            28.2223159,
            -12.8062435
          ],
          [
            28.2223575,
            -12.8063572
          ],
          [
            28.2223696,
            -12.8065691
          ],
          [
            28.2223481,
            -12.8067823
          ],
          [
            28.2223244,
            -12.8069347
          ]
        ]
      }
    },
    {
      "type": "Feature",
      "properties": {
        "name": "Unnamed Road",
        "highway": "service"
      },
      "geometry": {
        "type": "LineString",
        "coordinates": [
          [
            28.2045441,
            -12.8145508
          ],
          [
            28.20476714897246,
            -12.815
          ]
        ]
      }
    },
    {
      "type": "Feature",
      "properties": {
        "name": "Unnamed Road",
        "highway": "service"
      },
      "geometry": {
        "type": "LineString",
        "coordinates": [
          [
            28.2060448,
            -12.8000796
          ],
          [
            28.2059062,
            -12.7997609
          ],
          [
            28.2059222,
            -12.7996929
          ],
          [
            28.2059813,
            -12.7996419
          ],
          [
            28.2063447,
            -12.7994732
          ],
          [
            28.2067537,
            -12.7992822
          ]
        ]
      }
    }
  ]
}